da1fdd20-0028-11e3-b778-0800200c9a66,popree,8154968
da1fdd21-0028-11e3-b778-0800200c9a66,adee,2049834
da1fdd22-0028-11e3-b778-0800200c9a66,aaree,248734
da1fdd23-0028-11e3-b778-0800200c9a66,fme,098687
da1fdd24-0028-11e3-b778-0800200c9a66,fxee,2099876
da1fdd25-0028-11e3-b778-0800200c9a66,ree,239209
da1fdd26-0028-11e3-b778-0800200c9a66,qwee,934190
da1fdd27-0028-11e3-b778-0800200c9a66,frue,1905
da1fdd28-0028-11e3-b778-0800200c9a66,exee,8767
da1fdd29-0028-11e3-b778-0800200c9a66,nmee,1235
da1fdd2a-0028-11e3-b778-0800200c9a66,brrjee,26657654
da1fdd2b-0028-11e3-b778-0800200c9a66,rree,9025987
da1fdd2c-0028-11e3-b778-0800200c9a66,orrxee,98675987
da1fdd2d-0028-11e3-b778-0800200c9a66,oree,88705
da1fdd2e-0028-11e3-b778-0800200c9a66,grrmee,96557886
