ABE	IND	0.0	0.0	1
ABE	BDL	0.0	0.0	1
ABE	DCA	2.4147	920.0	381
ABE	CLE	2.8894	16247.0	5623
ABE	RDU	3.7738	317.0	84
ABE	CLT	4.0312	27138.0	6732
ABE	BWI	4.5467	11144.0	2451
ABE	PIT	4.7382	94901.0	20029
ABE	AVP	4.8795	6885.0	1411
ABE	DTW	5.5882	90501.0	16195
ABI	LAX	0.0	0.0	1
ABI	TYR	0.0	0.0	1
ABI	DFW	7.5798	133147.0	17566
ABI	IAH	7.938	12677.0	1597
ABI	VCT	8.0	8.0	1
ABI	CLL	46.3333	139.0	3
ABQ	PIH	0.0	0.0	2
ABQ	PSP	0.0	0.0	1
ABQ	IDA	3.0	3.0	1
ABQ	CLE	3.98	199.0	50
ABQ	SNA	4.0	4.0	1
ABQ	IAH	5.0044	160487.0	32069
ABQ	PIT	5.4348	32223.0	5929
ABQ	AUS	5.856	6834.0	1167
ABQ	BWI	5.9537	16700.0	2805
ABQ	MCO	6.0111	37990.0	6320
ABY	VLD	0.0	0.0	1
ABY	MCN	0.0	0.0	1
ABY	ATL	11.6873	88987.0	7614
ACK	LGA	8.75	175.0	20
ACK	EWR	26.7362	34356.0	1285
ACK	JFK	42.3976	14288.0	337
ACT	CLL	0.0	0.0	4
ACT	DFW	5.4127	88768.0	16400
ACT	IAH	7.0023	15335.0	2190
ACT	ILE	110.0	110.0	1
ACT	TYR	155.0	155.0	1
ACT	SJT	204.0	204.0	1
ACV	SLC	4.2313	1134.0	268
ACV	SMF	6.8189	24098.0	3534
ACV	CEC	7.3309	22044.0	3007
ACV	SFO	16.1133	244519.0	15175
ACV	MRY	28.1429	197.0	7
ACV	CIC	32.0	64.0	2
ACV	RDD	48.125	385.0	8
ACV	MFR	144.75	579.0	4
ACV	SJC	211.0	211.0	1
ACY	BWI	0.0	0.0	1
ACY	PIT	4.4362	20992.0	4732
ACY	BOS	5.7984	748.0	129
ACY	CVG	5.9253	14920.0	2518
ACY	MCO	12.2639	1766.0	144
ACY	ATL	22.7791	21549.0	946
ACY	LGA	53.9091	1186.0	22
ACY	JFK	65.6667	394.0	6
ACY	MYR	222.0	222.0	1
ADK	ANC	14.4088	1974.0	137
ADK	AKN	35.3171	13809.0	391
ADQ	ANC	11.3645	102349.0	9006
ADQ	BET	13.5	54.0	4
AEX	BTR	0.0	0.0	2
AEX	JAN	0.0	0.0	2
AEX	ILE	0.0	0.0	1
AEX	AUS	0.0	0.0	1
AEX	HOU	0.0	0.0	1
AEX	ABI	0.0	0.0	1
AEX	MSY	0.0	0.0	1
AEX	LFT	0.0	0.0	1
AEX	MLU	2.0	2.0	1
AEX	IAH	5.9745	43357.0	7257
AGS	CHA	0.0	0.0	1
AGS	CVG	0.0	0.0	2
AGS	CHS	0.0	0.0	1
AGS	CLE	0.0	0.0	7
AGS	CLT	3.3562	20164.0	6008
AGS	IAH	9.2348	8496.0	920
AGS	ATL	9.3005	356209.0	38300
AGS	SAV	11.3944	26321.0	2310
AGS	CAE	11.8854	18256.0	1536
AGS	LGA	17.4762	367.0	21
AKN	DLG	12.8238	24314.0	1896
AKN	ANC	13.2413	42306.0	3195
AKN	ADK	19.0563	7451.0	391
ALB	SWF	1.5802	128.0	81
ALB	SYR	3.4346	1312.0	382
ALB	RDU	3.7811	21881.0	5787
ALB	BTV	4.3817	3536.0	807
ALB	PVD	4.852	1082.0	223
ALB	BUF	5.5329	25623.0	4631
ALB	CVG	5.6614	82419.0	14558
ALB	ISP	6.2401	12031.0	1928
ALB	LAS	6.2465	17790.0	2848
ALB	DTW	6.2921	163715.0	26019
ALO	RST	4.5385	236.0	52
ALO	STL	7.25	406.0	56
ALO	MSP	9.1825	8604.0	937
AMA	LAS	4.0773	17414.0	4271
AMA	LBB	4.5473	9863.0	2169
AMA	DFW	6.8011	294054.0	43236
AMA	DAL	7.1047	353336.0	49733
AMA	ABQ	7.2733	103426.0	14220
AMA	MAF	7.6971	3964.0	515
AMA	IAH	8.562	59934.0	7000
AMA	DEN	10.6977	13340.0	1247
AMA	PHX	11.0	11.0	1
AMA	TUL	22.0	22.0	1
ANC	YAK	0.0	0.0	3
ANC	DTW	4.1697	7985.0	1915
ANC	BRW	7.4336	1063.0	143
ANC	SLC	7.6575	118454.0	15469
ANC	OME	7.7463	74713.0	9645
ANC	MSP	7.9897	102915.0	12881
ANC	SEA	8.4218	1112519.0	132100
ANC	HNL	9.217	1954.0	212
ANC	SCC	9.4235	76302.0	8097
ANC	FAI	9.5571	655244.0	68561
ANI	ANC	8.0811	1794.0	222
ANI	KSM	14.1176	2880.0	204
APF	TPA	3.2026	2924.0	913
APF	MIA	5.9503	2035.0	342
APF	ATL	13.0991	32001.0	2443
ASE	ATL	13.5	81.0	6
ASE	DEN	13.7825	129390.0	9388
ASE	SLC	14.6511	20028.0	1367
ASE	PHX	18.9207	9063.0	479
ASE	LAX	19.9325	11222.0	563
ASE	MSN	26.0	26.0	1
ASE	RFD	29.0	29.0	1
ASE	SFO	41.8873	5948.0	142
ASE	ORD	50.6388	26079.0	515
ATL	CBM	0.0	0.0	1
ATL	FCA	5.2826	243.0	46
ATL	OGG	7.4682	1292.0	173
ATL	LGB	7.9978	3647.0	456
ATL	GSP	8.3394	460567.0	55228
ATL	CLT	8.3646	859509.0	102755
ATL	BHM	8.76	601678.0	68685
ATL	ORF	8.814	424709.0	48186
ATL	BNA	8.8455	580501.0	65627
ATL	SNA	8.9016	122824.0	13798
ATW	CHS	0.0	0.0	1
ATW	GRB	0.6915	390.0	564
ATW	CWA	0.8	44.0	55
ATW	MKE	4.8277	4118.0	853
ATW	LEX	5.0	5.0	1
ATW	MSP	5.8227	12181.0	2092
ATW	CVG	8.2981	53531.0	6451
ATW	DTW	9.0042	17027.0	1891
ATW	ATL	14.8314	62900.0	4241
ATW	ORD	19.4228	126384.0	6507
AUS	MCN	0.0	0.0	1
AUS	SPI	0.0	0.0	1
AUS	PIH	0.0	0.0	1
AUS	CMH	0.0	0.0	3
AUS	BHM	0.0	0.0	1
AUS	COS	0.0	0.0	2
AUS	SHV	0.0	0.0	1
AUS	SBN	2.0	2.0	1
AUS	PWM	3.0	3.0	1
AUS	MEM	3.3713	57825.0	17152
AVL	LEX	0.0	0.0	1
AVL	TRI	0.0	0.0	1
AVL	CLT	4.5193	112557.0	24906
AVL	LGA	5.0	5.0	1
AVL	IAH	5.7346	12123.0	2114
AVL	BWI	5.9112	6727.0	1138
AVL	MCO	6.7447	317.0	47
AVL	MSP	6.8683	4485.0	653
AVL	CVG	8.276	24348.0	2942
AVL	AGS	10.0	10.0	1
AVP	AZO	0.0	0.0	1
AVP	HPN	0.0	0.0	1
AVP	BWI	3.118	3698.0	1186
AVP	ELM	3.5101	523.0	149
AVP	ABE	4.2576	10661.0	2504
AVP	PIT	4.9083	91775.0	18698
AVP	PHL	5.1439	21419.0	4164
AVP	CLT	5.3662	1905.0	355
AVP	MDT	7.0811	1572.0	222
AVP	CVG	7.1007	30810.0	4339
AZO	SBN	0.9091	80.0	88
AZO	GRB	1.2509	1037.0	829
AZO	PIT	2.3237	5930.0	2552
AZO	DAY	4.1289	19955.0	4833
AZO	DTW	5.6782	105887.0	18648
AZO	MSP	6.1411	40605.0	6612
AZO	CVG	6.7685	40530.0	5988
AZO	LAN	8.9274	38513.0	4314
AZO	ATL	11.8633	8850.0	746
AZO	ORD	12.499	180748.0	14461
BDL	SWF	0.0	0.0	1
BDL	SAT	0.0	0.0	1
BDL	HPN	0.3333	1.0	3
BDL	ALB	1.0	2.0	2
BDL	MEM	1.5833	76.0	48
BDL	DAY	2.5706	419.0	163
BDL	ROC	2.7772	997.0	359
BDL	ISP	3.5601	1570.0	441
BDL	IAH	3.841	12487.0	3251
BDL	SLC	4.3568	1050.0	241
BET	ANI	8.1493	1801.0	221
BET	KSM	10.5161	2282.0	217
BET	ADQ	11.087	1020.0	92
BET	ANC	11.7308	201184.0	17150
BFF	RAP	131.0	131.0	1
BFI	DEN	28.0	28.0	1
BFL	PIH	0.0	0.0	1
BFL	SMF	2.173	741.0	341
BFL	BUR	2.2083	265.0	120
BFL	CDC	3.0	3.0	1
BFL	SNA	3.6684	719.0	196
BFL	SLC	4.6942	10055.0	2142
BFL	DEN	4.8718	3269.0	671
BFL	LAX	5.545	61339.0	11062
BFL	SAN	5.6362	3207.0	569
BFL	LGB	6.0	6.0	1
BGM	ITH	1.32	264.0	200
BGM	ELM	1.3997	949.0	678
BGM	BWI	4.7857	13754.0	2874
BGM	PIT	5.5863	83717.0	14986
BGM	PHL	5.8729	1386.0	236
BGM	CVG	6.8346	15829.0	2316
BGM	IAD	7.8529	12494.0	1591
BGM	JFK	11.8824	202.0	17
BGM	DTW	12.2846	15626.0	1272
BGM	ATL	17.2035	9892.0	575
BGR	SYR	2.6015	692.0	266
BGR	SWF	3.0072	2514.0	836
BGR	MHT	3.7658	4534.0	1204
BGR	PIT	3.9824	1581.0	397
BGR	PWM	4.3898	20044.0	4566
BGR	BTV	5.2535	1886.0	359
BGR	PVD	7.5579	17557.0	2323
BGR	BOS	9.595	263643.0	27477
BGR	MSP	10.4286	219.0	21
BGR	PHL	10.9304	5028.0	460
BHM	MKE	0.0	0.0	1
BHM	OKC	0.0	0.0	1
BHM	MEM	3.2122	64491.0	20077
BHM	CLE	3.3205	2248.0	677
BHM	STL	3.5061	15339.0	4375
BHM	BNA	4.0483	121203.0	29939
BHM	PNS	4.1439	576.0	139
BHM	CLT	4.4631	108753.0	24367
BHM	PIT	4.5	11790.0	2620
BHM	HSV	4.6026	35440.0	7700
BIL	CPR	0.0	0.0	1
BIL	RAP	0.0	0.0	1
BIL	PHX	0.0	0.0	17
BIL	TWF	1.6667	5.0	3
BIL	CVG	4.3352	1526.0	352
BIL	MSP	4.7472	98357.0	20719
BIL	BZN	5.4177	32143.0	5933
BIL	SLC	5.7201	160786.0	28109
BIL	GEG	5.8071	5389.0	928
BIL	GTF	7.3869	34120.0	4619
BIS	GJT	0.0	0.0	5
BIS	COS	0.0	0.0	1
BIS	CPR	1.1672	349.0	299
BIS	SLC	2.1075	3216.0	1526
BIS	MSP	4.966	134668.0	27118
BIS	MOT	5.5163	27791.0	5038
BIS	DEN	6.0047	59447.0	9900
BIS	CYS	8.0	8.0	1
BIS	RAP	8.6667	26.0	3
BIS	FSD	12.197	18515.0	1518
BJI	MSP	9.385	1755.0	187
BLI	PIH	0.0	0.0	1
BLI	SEA	5.4102	30232.0	5588
BLI	SLC	6.3501	6947.0	1094
BLI	TWF	20.0	20.0	1
BMI	LAS	5.528	691.0	125
BMI	MCO	8.6738	8908.0	1027
BMI	ATL	13.4253	114800.0	8551
BMI	ORD	15.843	175556.0	11081
BNA	SGF	0.0	0.0	1
BNA	OKC	0.0	0.0	1
BNA	CID	0.0	0.0	1
BNA	SHV	0.0	0.0	1
BNA	OMA	2.3692	507.0	214
BNA	TUL	3.4257	507.0	148
BNA	EVV	4.1667	100.0	24
BNA	GSP	4.2871	2285.0	533
BNA	RIC	4.665	14107.0	3024
BNA	JAN	4.7739	26137.0	5475
BOI	GJT	0.0	0.0	3
BOI	ATW	0.0	0.0	1
BOI	IDA	0.0	0.0	1
BOI	OGD	0.0	0.0	1
BOI	MLI	0.0	0.0	1
BOI	FAT	0.9048	38.0	42
BOI	FSD	1.0	1.0	1
BOI	TVC	2.0	2.0	1
BOI	DFW	3.475	139.0	40
BOI	COS	3.5	14.0	4
BOS	SWF	0.0	0.0	1
BOS	ONT	0.0	0.0	2
BOS	GGG	2.0	4.0	2
BOS	LGA	4.5147	748360.0	165760
BOS	AUS	4.877	7057.0	1447
BOS	BDL	6.3363	22348.0	3527
BOS	MSY	7.3564	4686.0	637
BOS	LGB	7.5961	29564.0	3892
BOS	DCA	7.9648	1223995.0	153676
BOS	MKE	8.0262	26350.0	3283
BPT	DFW	6.0245	16706.0	2773
BPT	IAH	6.0434	31069.0	5141
BPT	ATL	10.5018	2930.0	279
BQK	ATL	11.3394	74296.0	6552
BQN	MIA	4.5822	4848.0	1058
BQN	JFK	5.3236	19330.0	3631
BQN	EWR	9.9052	23198.0	2342
BQN	MCO	12.7838	13129.0	1027
BRO	IAH	6.6579	93563.0	14053
BRW	ANC	12.8823	25494.0	1979
BRW	FAI	13.9447	120705.0	8656
BRW	SCC	14.3299	15333.0	1070
BTM	PIH	0.0	0.0	2
BTM	IDA	0.0	0.0	1
BTM	GJT	0.0	0.0	1
BTM	HLN	2.7727	244.0	88
BTM	BZN	3.8634	16091.0	4165
BTM	SLC	4.2497	25906.0	6096
BTM	MSO	141.0	141.0	1
BTR	AEX	0.0	0.0	2
BTR	CRP	0.0	0.0	1
BTR	BNA	2.9409	16666.0	5667
BTR	MEM	3.5529	59397.0	16718
BTR	JAN	4.558	17553.0	3851
BTR	MSY	4.5996	2102.0	457
BTR	BHM	6.0943	12926.0	2121
BTR	SHV	6.3264	5485.0	867
BTR	IAH	8.1012	166156.0	20510
BTR	LFT	8.7553	6190.0	707
BTV	COS	0.0	0.0	1
BTV	AZO	0.0	0.0	1
BTV	SYR	1.9564	988.0	505
BTV	ALB	2.6108	2167.0	830
BTV	BDL	3.0727	169.0	55
BTV	MHT	5.7468	11850.0	2062
BTV	MCO	5.9418	1735.0	292
BTV	HPN	6.0833	73.0	12
BTV	LGA	6.2836	32612.0	5190
BTV	PIT	6.5808	78127.0	11872
BUF	ISP	0.0	0.0	1
BUF	PBI	0.0	0.0	1
BUF	TYS	0.0	0.0	1
BUF	RDU	2.534	15835.0	6249
BUF	BDL	4.4029	18994.0	4314
BUF	ALB	4.7576	22199.0	4666
BUF	DTW	5.3568	175549.0	32771
BUF	LAS	6.0115	17247.0	2869
BUF	ROC	6.2052	29996.0	4834
BUF	SYR	6.5279	22593.0	3461
BUR	TWF	0.0	0.0	1
BUR	PSP	0.0	0.0	1
BUR	PMD	1.0	1.0	1
BUR	MCO	2.5246	308.0	122
BUR	GJT	3.0	9.0	3
BUR	LGB	3.7827	5814.0	1537
BUR	SNA	3.9231	1122.0	286
BUR	ONT	3.9257	7498.0	1910
BUR	RNO	3.95	1185.0	300
BUR	LAX	5.0	5.0	1
BWI	SAV	0.0	0.0	1
BWI	MLB	2.3842	844.0	354
BWI	IAD	3.0871	886.0	287
BWI	DAB	3.8378	1136.0	296
BWI	SRQ	4.2689	8081.0	1893
BWI	CHO	4.8261	1665.0	345
BWI	MDT	4.9014	3083.0	629
BWI	UCA	4.9399	12913.0	2614
BWI	OAJ	5.32	4788.0	900
BWI	GSP	5.4311	5165.0	951
BZN	RFD	0.0	0.0	1
BZN	COS	0.0	0.0	3
BZN	LAX	0.0	0.0	11
BZN	MSN	0.0	0.0	1
BZN	PIH	0.8333	5.0	6
BZN	BIL	2.3088	14125.0	6118
BZN	SLC	6.0509	167841.0	27738
BZN	IDA	7.25	29.0	4
BZN	DEN	7.6399	92046.0	12048
BZN	MSP	7.7521	92413.0	11921
CAE	HOU	0.0	0.0	1
CAE	FLL	0.0	0.0	1
CAE	DAB	0.0	0.0	1
CAE	AEX	0.0	0.0	1
CAE	GSP	1.3125	42.0	32
CAE	RDU	2.2651	9697.0	4281
CAE	GSO	4.3209	4740.0	1097
CAE	CLT	4.3385	128757.0	29678
CAE	BWI	5.7121	10299.0	1803
CAE	PHL	6.0841	8031.0	1320
CAK	IND	1.9775	439.0	222
CAK	CLT	2.9281	6553.0	2238
CAK	FWA	3.0424	861.0	283
CAK	DAY	4.1288	17700.0	4287
CAK	CMH	4.1778	3242.0	776
CAK	PIT	4.5885	44334.0	9662
CAK	RSW	4.7124	1753.0	372
CAK	LAS	4.9153	1219.0	248
CAK	TPA	5.5029	9432.0	1714
CAK	DEN	5.7936	14316.0	2471
CCR	LAX	3.3812	13481.0	3987
CDC	PVU	0.0	0.0	1
CDC	SLC	6.7246	23341.0	3471
CDC	SGU	7.4733	979.0	131
CDC	LAX	50.5	101.0	2
CDV	YAK	10.9479	76504.0	6988
CDV	ANC	12.1264	84727.0	6987
CEC	SMF	5.3942	1122.0	208
CEC	ACV	7.8663	23772.0	3022
CEC	SFO	27.4508	73870.0	2691
CEC	RDD	115.0	115.0	1
CHA	TOL	0.0	0.0	1
CHA	SDF	0.0	0.0	1
CHA	BNA	1.4615	4706.0	3220
CHA	TYS	2.2333	67.0	30
CHA	MEM	2.8829	9822.0	3407
CHA	CLT	3.1794	45380.0	14273
CHA	BHM	5.0	40.0	8
CHA	CVG	6.3173	35516.0	5622
CHA	HSV	7.0	21.0	3
CHA	DTW	7.2676	516.0	71
CHO	LYH	2.3717	989.0	417
CHO	RIC	2.8102	1540.0	548
CHO	ROA	3.4897	2893.0	829
CHO	BWI	3.9853	813.0	204
CHO	CLT	4.417	18622.0	4216
CHO	IAD	6.0895	13671.0	2245
CHO	CVG	6.2589	24372.0	3894
CHO	ATL	12.1302	64751.0	5338
CHO	LGA	16.6728	10037.0	602
CHO	DCA	87.5	175.0	2
CHS	MKE	0.0	0.0	1
CHS	FWA	0.0	0.0	1
CHS	RDU	1.6131	10537.0	6532
CHS	GSP	2.7252	4017.0	1474
CHS	GSO	4.6187	12175.0	2636
CHS	MYR	4.6286	162.0	35
CHS	DCA	4.8736	40417.0	8293
CHS	ORF	4.8859	14941.0	3058
CHS	CLT	5.2061	215260.0	41348
CHS	CLE	6.5099	983.0	151
CIC	MRY	0.0	0.0	2
CIC	FAT	10.0	10.0	1
CIC	SFO	12.4652	85748.0	6879
CIC	SMF	68.25	273.0	4
CID	GJT	0.0	0.0	1
CID	RFD	0.0	0.0	1
CID	ICT	0.0	0.0	1
CID	DSM	2.9146	6447.0	2212
CID	MLI	3.8865	9071.0	2334
CID	STL	4.4095	117589.0	26667
CID	MSP	5.0296	68755.0	13670
CID	FSD	6.3571	89.0	14
CID	CVG	7.0062	41554.0	5931
CID	OMA	7.1163	2448.0	344
CKB	CVG	11.5	69.0	6
CKB	PIT	20.0	20.0	1
CKB	LEX	130.0	130.0	1
CLD	SNA	4.0	4.0	1
CLD	LAX	6.0916	76730.0	12596
CLD	PHX	6.8547	6745.0	984
CLD	ONT	10.0	20.0	2
CLE	GJT	0.0	0.0	1
CLE	TUL	0.5	5.0	10
CLE	AGS	2.4286	17.0	7
CLE	DAB	3.0196	616.0	204
CLE	CHS	3.2	480.0	150
CLE	SJU	3.3355	3052.0	915
CLE	CAK	3.5339	2555.0	723
CLE	MYR	3.6186	427.0	118
CLE	COS	4.0	8.0	2
CLE	FNT	4.0952	1462.0	357
CLL	IAH	5.799	29001.0	5001
CLL	DFW	6.6444	86005.0	12944
CLL	ILE	165.0	165.0	1
CLT	CAK	3.9074	8569.0	2193
CLT	LWB	4.581	481.0	105
CLT	MGM	4.9709	4101.0	825
CLT	CHO	5.3926	22390.0	4152
CLT	ISO	5.6529	16840.0	2979
CLT	MOB	5.6962	23736.0	4167
CLT	LIT	5.8257	24392.0	4187
CLT	PHF	5.8287	8440.0	1448
CLT	MDW	6.1495	22741.0	3698
CLT	AGS	6.2731	37099.0	5914
CMH	SYR	0.0	0.0	1
CMH	AUS	0.0	0.0	3
CMH	OMA	0.0	0.0	1
CMH	MSN	1.0	2.0	2
CMH	SDF	2.9076	346.0	119
CMH	CLE	4.6602	33735.0	7239
CMH	CAK	5.0039	3808.0	761
CMH	BNA	5.017	45981.0	9165
CMH	IND	5.4469	54104.0	9933
CMH	DAY	5.9182	12298.0	2078
CMI	ABI	0.0	0.0	1
CMI	PIT	2.1701	1250.0	576
CMI	DAY	3.6273	15416.0	4250
CMI	STL	4.0183	5043.0	1255
CMI	PIA	4.6324	1714.0	370
CMI	CVG	6.3794	13518.0	2119
CMI	DFW	9.5562	12318.0	1289
CMI	ATL	9.6927	2113.0	218
CMI	ORD	11.9432	180103.0	15080
CMX	MSP	16.6728	8103.0	486
COD	PIH	0.0	0.0	2
COD	DEN	5.6781	9789.0	1724
COD	SLC	6.6353	31637.0	4768
COD	TWF	14.3333	43.0	3
COD	IDA	16.6667	50.0	3
COD	CPR	81.0	162.0	2
COS	BHM	0.0	0.0	1
COS	SBN	0.0	0.0	1
COS	MTJ	0.0	0.0	1
COS	TUS	0.0	0.0	1
COS	PSP	0.0	0.0	1
COS	IDA	0.0	0.0	1
COS	LNK	0.0	0.0	1
COS	MSN	0.0	0.0	1
COS	GRB	0.0	0.0	1
COS	FAT	0.0	0.0	1
CPR	BIS	5.1926	1537.0	296
CPR	SLC	5.4771	68929.0	12585
CPR	RAP	6.662	13344.0	2003
CPR	ORD	7.4809	980.0	131
CPR	DEN	8.9581	83839.0	9359
CPR	MSP	11.3385	5125.0	452
CPR	OGD	17.0	17.0	1
CPR	PIH	17.6	176.0	10
CPR	TWF	19.5	39.0	2
CPR	GJT	38.6667	116.0	3
CRP	SAT	2.4909	959.0	385
CRP	IAH	6.0212	175932.0	29219
CRP	AUS	6.4098	1955.0	305
CRP	HOU	6.8546	326973.0	47701
CRP	DFW	7.3787	246944.0	33467
CRP	MFE	10.25	41.0	4
CRP	ATL	16.8453	61182.0	3632
CRP	HRL	17.5714	123.0	7
CRP	BRO	18.5	37.0	2
CRW	CHO	0.0	0.0	2
CRW	GSP	0.0	0.0	1
CRW	FWA	0.0	0.0	1
CRW	DAY	0.0	0.0	1
CRW	CLE	4.16	728.0	175
CRW	DTW	4.478	918.0	205
CRW	BNA	5.0	5.0	1
CRW	CLT	5.2548	47656.0	9069
CRW	LGA	5.783	4956.0	857
CRW	LEX	5.9456	874.0	147
CSG	ATL	8.2722	143671.0	17368
CVG	AGS	0.0	0.0	1
CVG	SMF	3.0	3.0	1
CVG	HTS	5.0877	12933.0	2542
CVG	SCE	5.5536	17966.0	3235
CVG	PFN	5.6592	1760.0	311
CVG	XNA	5.9259	19117.0	3226
CVG	SJU	5.9867	2706.0	452
CVG	PIT	6.051	232590.0	38438
CVG	ICT	6.0888	7270.0	1194
CVG	IND	6.1277	131512.0	21462
CWA	MLI	0.0	0.0	1
CWA	MSN	0.0	0.0	1
CWA	ATW	2.127	134.0	63
CWA	MSP	3.0433	3722.0	1223
CWA	MKE	3.1662	2172.0	686
CWA	DTW	11.1287	11763.0	1057
CWA	ORD	20.9225	75614.0	3614
CYS	DEN	145.0	290.0	2
DAB	SHV	0.0	0.0	1
DAB	MCO	1.3588	231.0	170
DAB	DFW	1.7556	237.0	135
DAB	RDU	2.7302	16717.0	6123
DAB	JAX	2.7794	6879.0	2475
DAB	CLE	3.1675	643.0	203
DAB	BWI	3.5497	1072.0	302
DAB	CLT	5.3951	57960.0	10743
DAB	PHL	6.0667	1183.0	195
DAB	ATL	8.5534	391712.0	45796
DAL	DFW	5.0	10.0	2
DAL	SAT	7.3873	695704.0	94176
DAL	AUS	7.5915	699207.0	92104
DAL	TUL	8.1221	441300.0	54333
DAL	ELP	8.1418	299251.0	36755
DAL	OKC	8.1624	386352.0	47333
DAL	IAH	8.2858	444584.0	53656
DAL	LBB	8.3512	512264.0	61340
DAL	HOU	8.3928	1654299.0	197110
DAL	MAF	8.749	413757.0	47292
DAY	BNA	0.25	1.0	4
DAY	BDL	3.092	504.0	163
DAY	GSO	3.1875	3570.0	1120
DAY	LAS	3.3922	346.0	102
DAY	CMH	4.1973	12445.0	2965
DAY	IND	4.6482	3184.0	685
DAY	RSW	5.3163	2185.0	411
DAY	STL	5.333	126185.0	23661
DAY	MDW	5.3471	5946.0	1112
DAY	MSP	5.3704	58919.0	10971
DBQ	LSE	1.0	1.0	1
DBQ	ORD	10.2423	90491.0	8835
DCA	LIT	0.0	0.0	1
DCA	CHO	0.0	0.0	1
DCA	LFT	1.75	21.0	12
DCA	MYR	1.875	15.0	8
DCA	ICT	3.4744	2578.0	742
DCA	LGA	3.7018	587287.0	158650
DCA	MKE	3.8542	12110.0	3142
DCA	OKC	4.0	4.0	1
DCA	BHM	4.3472	1252.0	288
DCA	HOU	4.4237	1827.0	413
DEN	PUB	0.0	0.0	1
DEN	CYS	0.0	0.0	1
DEN	BFF	0.0	0.0	2
DEN	FWA	0.0	0.0	2
DEN	MBS	0.0	0.0	1
DEN	CRW	0.0	0.0	1
DEN	BTR	0.0	0.0	1
DEN	GRB	1.0	2.0	2
DEN	RKS	5.5728	2335.0	419
DEN	HSV	5.8161	4996.0	859
DET	IND	3.5185	16530.0	4698
DET	MDW	6.7213	91343.0	13590
DET	STL	9.574	58411.0	6101
DET	BNA	11.5977	16921.0	1459
DFW	PUB	0.0	0.0	1
DFW	FMN	0.0	0.0	1
DFW	AGS	0.0	0.0	1
DFW	PHF	0.0	0.0	1
DFW	LYH	0.0	0.0	1
DFW	DAB	5.6739	783.0	138
DFW	TOL	6.1613	764.0	124
DFW	SWF	6.385	1194.0	187
DFW	BPT	6.5187	18298.0	2807
DFW	GRB	6.7947	1787.0	263
DHN	VPS	0.0	0.0	1
DHN	ATL	13.5971	135604.0	9973
DLG	AKN	9.7539	3765.0	386
DLG	ANC	13.8547	55682.0	4019
DLG	ADQ	32.0385	833.0	26
DLH	MSP	5.8913	161652.0	27439
DLH	DTW	10.8846	12833.0	1179
DLH	ORD	11.322	20606.0	1820
DRO	COS	3.5	7.0	2
DRO	GJT	5.5656	7970.0	1432
DRO	SLC	5.5907	7089.0	1268
DRO	IAH	6.6517	592.0	89
DRO	PHX	7.1465	34489.0	4826
DRO	DFW	9.4547	9398.0	994
DRO	DEN	9.9451	96915.0	9745
DRO	ABQ	23.0	23.0	1
DSM	TWF	0.0	0.0	1
DSM	RFD	0.0	0.0	1
DSM	MLI	0.0	0.0	1
DSM	PIH	0.0	0.0	2
DSM	AUS	0.0	0.0	1
DSM	COS	1.0	1.0	1
DSM	BNA	1.922	1232.0	641
DSM	PIT	2.0534	2037.0	992
DSM	LAX	2.3486	411.0	175
DSM	CLE	2.3597	328.0	139
DTW	ITH	3.1892	236.0	74
DTW	ORH	4.8727	9073.0	1862
DTW	DAY	6.0894	45214.0	7425
DTW	FWA	6.3106	91012.0	14422
DTW	CRW	6.4223	1323.0	206
DTW	SCE	6.4408	4515.0	701
DTW	HPN	6.5415	116112.0	17750
DTW	SBN	6.8859	115793.0	16816
DTW	CVG	7.1985	305361.0	42420
DTW	PIT	7.2116	393955.0	54628
DUT	ANC	16.3057	75153.0	4609
EAU	LSE	2.3212	1214.0	523
EAU	MSP	2.6456	3389.0	1281
EFD	IAH	2.8739	9984.0	3474
EGE	IAD	6.1176	104.0	17
EGE	PHX	7.3962	1960.0	265
EGE	IAH	9.4426	11180.0	1184
EGE	DEN	12.4956	71425.0	5716
EGE	ATL	13.5382	17708.0	1308
EGE	DFW	14.297	75245.0	5263
EGE	CVG	14.5574	1776.0	122
EGE	ORD	17.2631	51962.0	3010
EGE	LAX	17.6327	15217.0	863
EGE	MSP	17.8821	30954.0	1731
EKO	OGD	0.0	0.0	1
EKO	SLC	4.9811	49203.0	9878
EKO	RNO	7.1951	15786.0	2194
EKO	TWF	8.4286	59.0	7
EKO	PIH	10.25	41.0	4
ELM	BGM	2.174	1437.0	661
ELM	SYR	2.633	3049.0	1158
ELM	ITH	4.0618	18733.0	4612
ELM	AVP	4.5517	660.0	145
ELM	PIT	5.2549	71524.0	13611
ELM	DTW	9.1875	20681.0	2251
ELP	PIH	0.0	0.0	2
ELP	OGD	0.0	0.0	1
ELP	SLC	4.153	9581.0	2307
ELP	IAH	4.8141	128888.0	26773
ELP	COS	5.0	30.0	6
ELP	ABQ	5.6367	177116.0	31422
ELP	ONT	5.6639	4061.0	717
ELP	DFW	5.8617	428018.0	73019
ELP	DEN	5.8901	65680.0	11151
ELP	MAF	5.9859	98827.0	16510
ERI	ITH	5.1812	3974.0	767
ERI	CVG	5.2881	13416.0	2537
ERI	CLE	5.8798	1370.0	233
ERI	PIT	6.0739	126034.0	20750
ERI	DTW	8.4548	18051.0	2135
ERI	ATL	17.092	11896.0	696
EUG	IDA	0.0	0.0	1
EUG	RDM	0.0	0.0	3
EUG	PIH	0.0	0.0	1
EUG	CPR	0.0	0.0	1
EUG	SJC	0.5525	458.0	829
EUG	PDX	3.0307	39544.0	13048
EUG	PHX	3.8025	5373.0	1413
EUG	BOI	5.0	15.0	3
EUG	SLC	5.1227	19502.0	3807
EUG	DEN	7.3026	87858.0	12031
EVV	STL	0.0	0.0	2
EVV	LEX	0.0	0.0	1
EVV	BNA	0.3571	10.0	28
EVV	SDF	2.0347	293.0	144
EVV	IND	2.8801	15161.0	5264
EVV	MDW	3.3868	1751.0	517
EVV	PIT	4.6366	12936.0	2790
EVV	DAY	5.2123	20380.0	3910
EVV	MEM	6.6031	9033.0	1368
EVV	CVG	7.1976	42790.0	5945
EWN	ATL	14.6571	18380.0	1254
EWR	SWF	0.25	1.0	4
EWR	GRB	2.5	5.0	2
EWR	ROA	3.8319	456.0	119
EWR	BTR	4.1474	1041.0	251
EWR	HPN	4.6936	1685.0	359
EWR	MYR	4.6995	14042.0	2988
EWR	GUC	4.8125	77.0	16
EWR	AGS	6.1876	6497.0	1050
EWR	STT	6.4896	24933.0	3842
EWR	SNA	8.1353	77928.0	9579
EYW	FLL	4.7179	1288.0	273
EYW	MIA	5.459	53607.0	9820
EYW	MCO	11.8797	3160.0	266
EYW	MCN	15.0	30.0	2
EYW	ATL	21.0206	102034.0	4854
EYW	SRQ	35.0	35.0	1
FAI	JNU	4.023	8412.0	2091
FAI	ANC	7.3558	493959.0	67152
FAI	SEA	8.3284	76563.0	9193
FAI	OME	9.0	9.0	1
FAI	MSP	9.8572	18433.0	1870
FAI	BRW	10.5628	103716.0	9819
FAI	SCC	10.6797	13905.0	1302
FAI	SLC	10.7695	3457.0	321
FAR	MSN	0.0	0.0	2
FAR	CPR	0.0	0.0	1
FAR	RAP	0.0	0.0	3
FAR	LAN	0.0	0.0	1
FAR	GJT	1.0	6.0	6
FAR	SUX	2.4016	305.0	127
FAR	FSD	5.0304	12083.0	2402
FAR	SLC	5.1521	4642.0	901
FAR	MSP	5.6272	232189.0	41262
FAR	DEN	6.6806	54841.0	8209
FAT	COS	0.0	0.0	7
FAT	SNA	0.0	0.0	1
FAT	MTJ	0.0	0.0	1
FAT	MOD	0.0	0.0	1
FAT	RAP	1.7045	75.0	44
FAT	TWF	2.875	23.0	8
FAT	ONT	3.5632	2423.0	680
FAT	BFL	3.6667	11.0	3
FAT	VIS	5.1133	8662.0	1694
FAT	MEM	5.7412	488.0	85
FAY	CAE	0.0	0.0	1
FAY	CLT	3.5967	94882.0	26380
FAY	GSO	4.3703	14470.0	3311
FAY	BWI	4.7371	6253.0	1320
FAY	ORF	6.2664	1811.0	289
FAY	ATL	15.472	158511.0	10245
FAY	MCN	40.0	40.0	1
FCA	OGD	0.0	0.0	1
FCA	BOI	0.0	0.0	1
FCA	DEN	4.5718	4677.0	1023
FCA	HLN	4.9245	10499.0	2132
FCA	PIH	6.0	24.0	4
FCA	TWF	6.6	33.0	5
FCA	GTF	7.1089	24931.0	3507
FCA	BIL	7.5017	4531.0	604
FCA	MSO	10.3815	38972.0	3754
FCA	SLC	10.9253	188625.0	17265
FLG	GCN	5.0444	9433.0	1870
FLG	PHX	5.5966	78050.0	13946
FLG	LAS	8.3125	266.0	32
FLL	CAE	0.0	0.0	1
FLL	GSP	0.0	0.0	1
FLL	PIE	0.0	0.0	2
FLL	LGB	4.1307	8662.0	2097
FLL	BNA	4.1825	31988.0	7648
FLL	RDU	4.9152	43490.0	8848
FLL	SAV	5.0	5.0	1
FLL	MKE	5.0465	434.0	86
FLL	CVG	5.8783	110189.0	18745
FLL	CLE	5.9115	64412.0	10896
FLO	GSP	0.0	0.0	1
FLO	ATL	11.7631	56298.0	4786
FLO	AGS	20.0	20.0	1
FMN	ABQ	203.6667	611.0	3
FNT	MKG	0.2857	30.0	105
FNT	CLE	0.7083	272.0	384
FNT	MCO	4.161	12433.0	2988
FNT	PIT	4.2816	10006.0	2337
FNT	DAY	4.935	21092.0	4274
FNT	MKE	5.6284	3771.0	670
FNT	DTW	6.1912	90757.0	14659
FNT	MSP	6.484	11749.0	1812
FNT	CVG	7.9225	23395.0	2953
FNT	DFW	8.5	3026.0	356
FSD	CYS	0.0	0.0	1
FSD	SDF	0.0	0.0	1
FSD	PIH	0.0	0.0	1
FSD	IAD	0.0	0.0	1
FSD	CLT	0.0	0.0	1
FSD	MTJ	0.0	0.0	1
FSD	GRB	0.0	0.0	1
FSD	GJT	1.0	1.0	1
FSD	SUX	1.3645	453.0	332
FSD	BIS	1.3884	2109.0	1519
FSM	MEM	5.2213	3279.0	628
FSM	DFW	7.9911	118284.0	14802
FSM	ATL	14.4473	13017.0	901
FWA	TVC	0.0	0.0	1
FWA	CLE	0.0	0.0	1
FWA	SBN	0.0	0.0	1
FWA	DAY	2.7779	11381.0	4097
FWA	IND	3.0	3.0	1
FWA	MSP	3.3481	606.0	181
FWA	PIT	3.4561	13752.0	3979
FWA	CMH	4.3333	13.0	3
FWA	CVG	5.6795	58169.0	10242
FWA	DTW	5.8233	85445.0	14673
GCC	SLC	1.4793	250.0	169
GCC	DEN	13.7729	7823.0	568
GCN	PHX	3.2833	2144.0	653
GCN	LAS	3.986	11643.0	2921
GCN	FLG	4.1169	7715.0	1874
GEG	PVU	0.0	0.0	1
GEG	BLI	0.0	0.0	1
GEG	RAP	0.0	0.0	1
GEG	RDM	0.0	0.0	1
GEG	IDA	0.5	1.0	2
GEG	BIL	2.4658	2340.0	949
GEG	PSC	4.285	10751.0	2509
GEG	OAK	4.6376	28266.0	6095
GEG	SLC	5.1466	157995.0	30699
GEG	BOI	5.4631	80138.0	14669
GFK	MSP	5.0855	112720.0	22165
GGG	DFW	5.6942	48281.0	8479
GJT	CDC	0.0	0.0	1
GJT	PIH	0.0	0.0	1
GJT	TWF	0.0	0.0	1
GJT	OGD	0.0	0.0	1
GJT	COS	2.5714	18.0	7
GJT	DRO	3.4701	4178.0	1204
GJT	LAS	4.0587	1729.0	426
GJT	SLC	7.456	74403.0	9979
GJT	DEN	8.3173	139839.0	16813
GJT	PHX	10.8414	40547.0	3740
GLH	MEM	0.0	0.0	2
GNV	EYW	0.0	0.0	1
GNV	CHA	0.0	0.0	1
GNV	DAB	0.0	0.0	1
GNV	CLT	5.0736	28072.0	5533
GNV	MIA	5.4932	16474.0	2999
GNV	ATL	10.4718	263628.0	25175
GNV	TLH	11.375	91.0	8
GNV	MCN	22.0	22.0	1
GNV	MLB	35.0	35.0	1
GNV	RSW	52.0	52.0	1
GPT	PNS	0.0	0.0	1
GPT	LGA	0.0	0.0	1
GPT	BTR	0.0	0.0	1
GPT	JAN	2.2524	1178.0	523
GPT	MOB	4.5507	2603.0	572
GPT	SHV	5.0	5.0	1
GPT	MEM	5.4427	56457.0	10373
GPT	TPA	7.1693	12955.0	1807
GPT	IAH	9.2332	92646.0	10034
GPT	FLL	11.6875	20418.0	1747
GRB	IAD	0.0	0.0	1
GRB	MSN	2.7279	2286.0	838
GRB	DSM	3.0	3.0	1
GRB	AZO	3.1123	2549.0	819
GRB	ATW	3.2821	2688.0	819
GRB	DTW	4.7848	132951.0	27786
GRB	MKE	5.2437	4174.0	796
GRB	MSP	5.7119	135230.0	23675
GRB	CVG	7.5811	35775.0	4719
GRB	DFW	8.4215	2198.0	261
GRK	DFW	9.9789	145332.0	14564
GRK	IAH	10.2891	48338.0	4698
GRK	ATL	18.9518	28731.0	1516
GRR	MKG	0.0	0.0	23
GRR	CHA	0.0	0.0	1
GRR	GRB	0.8333	10.0	12
GRR	TOL	1.6667	5.0	3
GRR	LAN	1.75	273.0	156
GRR	STL	3.0602	1677.0	548
GRR	IND	4.8973	2860.0	584
GRR	MKE	5.033	7006.0	1392
GRR	PIT	5.3138	86163.0	16215
GRR	CLT	5.399	2138.0	396
GSO	SHV	0.0	0.0	1
GSO	OKC	0.0	0.0	1
GSO	BNA	1.8954	4602.0	2428
GSO	RDU	3.0102	14750.0	4900
GSO	RIC	3.2547	3974.0	1221
GSO	PBI	3.5496	465.0	131
GSO	MYR	3.9795	776.0	195
GSO	RSW	5.0736	1172.0	231
GSO	PIT	5.5233	90218.0	16334
GSO	BWI	5.6644	60575.0	10694
GSP	DAB	0.0	0.0	1
GSP	MCN	0.0	0.0	1
GSP	JAX	0.0	0.0	1
GSP	CAE	0.7931	23.0	29
GSP	BNA	1.0179	570.0	560
GSP	RDU	1.7992	12350.0	6864
GSP	PIT	3.0927	467.0	151
GSP	BWI	4.1442	3966.0	957
GSP	DCA	4.1887	222.0	53
GSP	MDW	4.2296	3426.0	810
GST	JNU	10.1145	17761.0	1756
GTF	PIH	0.0	0.0	2
GTF	IDA	0.0	0.0	2
GTF	CPR	0.0	0.0	1
GTF	TWF	0.0	0.0	3
GTF	BIL	3.2212	15175.0	4711
GTF	GJT	3.3333	10.0	3
GTF	MSP	5.087	68384.0	13443
GTF	MSO	5.7893	40826.0	7052
GTF	DEN	5.7998	16019.0	2762
GTF	BZN	6.453	755.0	117
GTR	DFW	4.4082	2354.0	534
GTR	AEX	13.2741	5376.0	405
GTR	ATL	14.4475	88751.0	6143
GTR	MEI	35.0	70.0	2
GUC	BNA	0.5	1.0	2
GUC	IAH	5.1594	2590.0	502
GUC	DEN	11.4998	37616.0	3271
GUC	ORD	12.5118	3716.0	297
GUC	ATL	12.8298	9199.0	717
GUC	DFW	13.1686	30235.0	2296
GUC	EWR	13.6875	219.0	16
GUC	SLC	16.2143	227.0	14
GUC	OMA	25.0	50.0	2
GUC	HDN	982.0	982.0	1
GUM	ROP	3.6428	6670.0	1831
GUM	SPN	5.2361	40878.0	7807
GUM	ROR	5.94	10995.0	1851
GUM	HNL	8.785	18308.0	2084
GUM	YAP	12.6258	4116.0	326
HDN	CVG	1.625	26.0	16
HDN	PHX	6.625	848.0	128
HDN	IAH	8.6382	16879.0	1954
HDN	DEN	9.5869	56812.0	5926
HDN	SLC	11.083	15228.0	1374
HDN	JFK	13.0	182.0	14
HDN	LAX	13.5746	7914.0	583
HDN	CLE	13.6596	642.0	47
HDN	MSP	13.7907	25568.0	1854
HDN	STL	14.3316	8212.0	573
HHH	ATL	22.2754	37445.0	1681
HKY	ATL	10.7048	6637.0	620
HLN	GJT	0.0	0.0	1
HLN	IDA	0.0	0.0	1
HLN	GTF	3.4585	2210.0	639
HLN	DEN	4.2234	1229.0	291
HLN	SLC	4.8853	96065.0	19664
HLN	BIL	5.4809	3294.0	601
HLN	FCA	11.2696	31848.0	2826
HLN	TWF	11.5	23.0	2
HLN	MSP	14.2386	9369.0	658
HLN	BTM	44.0769	4011.0	91
HNL	MKK	0.0	0.0	2
HNL	LNY	0.993	282.0	284
HNL	MKE	2.0	2.0	1
HNL	ITO	2.7747	89257.0	32168
HNL	LIH	2.827	153469.0	54286
HNL	CVG	3.2117	3777.0	1176
HNL	KOA	3.2968	144830.0	43930
HNL	OGG	3.5348	279334.0	79024
HNL	EWR	4.7105	16986.0	3606
HNL	SLC	5.2452	12384.0	2361
HOU	BTR	0.0	0.0	1
HOU	RSW	0.0	0.0	7
HOU	LBB	1.9091	189.0	99
HOU	CLE	2.3839	1335.0	560
HOU	MIA	2.4399	8991.0	3685
HOU	IAH	2.5043	18041.0	7204
HOU	PVD	2.9547	913.0	309
HOU	MEM	3.9304	45774.0	11646
HOU	IAD	4.3105	2207.0	512
HOU	CVG	4.9219	54791.0	11132
HPN	EWR	3.3785	1223.0	362
HPN	PVD	3.5	7.0	2
HPN	CLE	4.8591	20758.0	4272
HPN	DTW	6.6328	118761.0	17905
HPN	PIT	7.1485	52213.0	7304
HPN	RDU	8.3398	2994.0	359
HPN	MSP	9.1551	37417.0	4087
HPN	RSW	9.5367	5846.0	613
HPN	CVG	9.5845	34303.0	3579
HPN	IAD	9.8267	45016.0	4581
HRL	MFE	0.0	0.0	1
HRL	DAL	2.2842	217.0	95
HRL	AUS	5.1468	35523.0	6902
HRL	IAH	5.39	86547.0	16057
HRL	DFW	5.426	70136.0	12926
HRL	HOU	7.5467	439066.0	58180
HRL	SAT	8.013	113905.0	14215
HRL	SHV	86.0	86.0	1
HSV	JAN	0.0	0.0	2
HSV	STL	0.0	0.0	1
HSV	BNA	1.6821	12791.0	7604
HSV	LIT	2.5245	2580.0	1022
HSV	AUS	2.6667	8.0	3
HSV	MCI	3.0	3.0	1
HSV	CLT	3.3957	37947.0	11175
HSV	LGA	3.8621	560.0	145
HSV	SHV	5.0	5.0	1
HSV	DFW	5.6131	170020.0	30290
HTS	JAN	0.0	0.0	1
HTS	ROA	0.8	4.0	5
HTS	CRW	4.7822	2152.0	450
HTS	CLT	5.2347	17887.0	3417
HTS	CVG	6.1362	15770.0	2570
HTS	PIT	6.2316	50133.0	8045
HTS	SDF	6.5	52.0	8
HTS	ATL	8.7961	15701.0	1785
HTS	AGS	12.0	12.0	1
HTS	MCN	102.0	102.0	1
HVN	HPN	8.5703	4388.0	512
HVN	CVG	8.9175	14384.0	1613
HVN	ORD	9.0962	42943.0	4721
IAD	ATW	0.0	0.0	1
IAD	TLH	0.0	0.0	1
IAD	PHF	1.8477	2123.0	1149
IAD	STL	5.0223	102053.0	20320
IAD	MEM	6.0	8244.0	1374
IAD	SLC	6.4128	89504.0	13957
IAD	HOU	6.5168	3304.0	507
IAD	BWI	6.6522	4437.0	667
IAD	SJU	7.0377	75726.0	10760
IAD	MSP	7.3692	141047.0	19140
IAH	MLI	0.0	0.0	2
IAH	MSN	0.0	0.0	1
IAH	HOU	2.3019	16431.0	7138
IAH	AGS	2.8315	2622.0	926
IAH	EFD	3.9199	13649.0	3482
IAH	PIH	4.0	4.0	1
IAH	VCT	5.3176	12592.0	2368
IAH	RNO	5.5072	23984.0	4355
IAH	MTJ	5.635	14358.0	2548
IAH	MDW	5.9158	6537.0	1105
ICT	DAY	0.0	0.0	1
ICT	SEA	0.8	84.0	105
ICT	SLC	1.9719	773.0	392
ICT	MDW	2.2698	143.0	63
ICT	MEM	2.3845	31423.0	13178
ICT	COS	3.6291	4246.0	1170
ICT	LNK	4.1446	1662.0	401
ICT	STL	4.685	119837.0	25579
ICT	PIT	4.6854	5407.0	1154
ICT	MCI	4.8708	17574.0	3608
IDA	CYS	0.0	0.0	1
IDA	DFW	3.3733	1012.0	300
IDA	SLC	4.6569	142605.0	30622
IDA	PIH	6.4	32.0	5
IDA	DEN	6.5686	14175.0	2158
IDA	OGD	7.0	7.0	1
IDA	MSP	15.7702	9746.0	618
IDA	ORD	31.295	8700.0	278
IDA	GJT	72.0	72.0	1
IDA	JAC	99.6	498.0	5
ILE	BPT	0.0	0.0	1
ILE	DFW	5.9346	53423.0	9002
ILE	IAH	9.5574	20663.0	2162
ILE	GRK	15.0	15.0	1
ILG	ATL	17.0591	12419.0	728
ILM	FLO	0.0	0.0	1
ILM	RDU	3.7908	906.0	239
ILM	BWI	4.6696	10530.0	2255
ILM	CLT	4.9703	186272.0	37477
ILM	GSO	5.0818	7084.0	1394
ILM	ORF	8.0	40.0	5
ILM	PHL	8.8566	2471.0	279
ILM	CVG	10.1083	10169.0	1006
ILM	ATL	15.2472	164365.0	10780
ILM	MCN	23.0	23.0	1
IND	JAN	0.0	0.0	1
IND	LIT	0.0	0.0	2
IND	ABI	0.0	0.0	1
IND	ABE	1.0	1.0	1
IND	OMA	2.4473	580.0	237
IND	CAK	2.8761	627.0	218
IND	BNA	3.0719	11274.0	3670
IND	DSM	3.9593	974.0	246
IND	COS	4.0	4.0	1
IND	MEM	4.048	83086.0	20525
INL	MSP	10.2734	2743.0	267
IPL	SAN	1.2999	1387.0	1067
IPL	PSP	2.7143	19.0	7
IPL	LAX	8.3731	24508.0	2927
IPL	YUM	8.7574	13066.0	1492
ISO	BWI	2.6667	2704.0	1014
ISO	CLT	4.1492	12568.0	3029
ISO	ILM	10.0	10.0	1
ISO	ATL	14.8596	20432.0	1375
ISP	LGA	0.0	0.0	3
ISP	AGS	0.0	0.0	1
ISP	BUF	0.0	0.0	1
ISP	EWR	0.0	0.0	1
ISP	SWF	1.0	1.0	1
ISP	BDL	1.7631	774.0	439
ISP	JAX	3.0426	1929.0	634
ISP	RDU	3.4737	23750.0	6837
ISP	RSW	3.7473	4227.0	1128
ISP	IAD	3.9728	584.0	147
ITH	MDT	1.5806	49.0	31
ITH	SYR	2.6697	3265.0	1223
ITH	PIT	3.7723	35814.0	9494
ITH	ELM	3.8156	19765.0	5180
ITH	ERI	4.0178	3154.0	785
ITH	BGM	6.9146	1376.0	199
ITH	DTW	7.4932	547.0	73
ITO	KOA	0.6636	574.0	865
ITO	OGG	1.6613	3482.0	2096
ITO	HNL	2.9492	90809.0	30791
ITO	OAK	3.9042	937.0	240
IYK	PSP	0.0	0.0	3
IYK	ONT	0.0	0.0	5
IYK	LAX	3.508	20143.0	5742
IYK	FAT	18.0	36.0	2
IYK	BFL	27.0	27.0	1
JAC	PIH	0.0	0.0	2
JAC	GJT	0.0	0.0	1
JAC	IAH	4.8512	815.0	168
JAC	SLC	7.1141	151061.0	21234
JAC	BIL	8.0634	1653.0	205
JAC	IDA	8.137	34159.0	4198
JAC	MSP	9.7989	10426.0	1064
JAC	DEN	11.6066	115137.0	9920
JAC	DFW	13.3592	35963.0	2692
JAC	ATL	13.4379	4542.0	338
JAN	LFT	0.0	0.0	2
JAN	AUS	0.0	0.0	1
JAN	IND	0.0	0.0	1
JAN	BNA	1.7795	9901.0	5564
JAN	GPT	2.7395	1430.0	522
JAN	MSY	3.133	1131.0	361
JAN	CVG	4.3718	45939.0	10508
JAN	MEM	4.4016	45499.0	10337
JAN	LIT	6.0	6.0	1
JAN	STL	6.3359	13166.0	2078
JAX	TYS	0.0	0.0	1
JAX	BTR	0.0	0.0	1
JAX	SHV	0.0	0.0	1
JAX	RSW	0.3333	1.0	3
JAX	BHM	2.2275	6678.0	2998
JAX	LAS	3.2299	562.0	174
JAX	MCO	3.8126	4964.0	1302
JAX	RDU	4.5001	37963.0	8436
JAX	MSY	4.5472	20549.0	4519
JAX	CHS	4.7398	15523.0	3275
JFK	MYR	0.0	0.0	1
JFK	ANC	0.0	0.0	27
JFK	ABQ	0.0	0.0	1
JFK	ISP	0.0	0.0	1
JFK	SWF	0.0	0.0	2
JFK	UCA	2.6141	630.0	241
JFK	AGS	4.75	19.0	4
JFK	STT	5.9171	51958.0	8781
JFK	BQN	5.9589	21625.0	3629
JFK	BGR	6.757	1446.0	214
JNU	KTN	11.4954	96826.0	8423
JNU	GST	11.7105	20470.0	1748
JNU	FAI	12.0494	23882.0	1982
JNU	SEA	12.3644	263559.0	21316
JNU	SIT	12.6147	179747.0	14249
JNU	ANC	13.0774	265603.0	20310
JNU	YAK	15.5695	104129.0	6688
JNU	PSG	18.1177	123581.0	6821
KOA	ITO	2.3043	1272.0	552
KOA	OGG	2.6232	12101.0	4613
KOA	HNL	3.2514	142131.0	43714
KOA	SLC	4.8987	1112.0	227
KOA	PHX	5.2201	4317.0	827
KOA	DEN	6.0625	1649.0	272
KOA	LIH	6.6909	368.0	55
KOA	SEA	9.139	14330.0	1568
KOA	ORD	9.146	10646.0	1164
KOA	SAN	10.2609	236.0	23
KSM	ANC	11.3516	4552.0	401
KTN	SIT	9.6505	77696.0	8051
KTN	SEA	11.1126	277548.0	24976
KTN	JNU	11.2379	86397.0	7688
KTN	WRG	15.8254	108847.0	6878
LAN	GRR	0.8148	44.0	54
LAN	DAY	3.7348	15914.0	4261
LAN	AZO	4.0222	17601.0	4376
LAN	PIT	4.0304	11418.0	2833
LAN	CLE	4.6985	3942.0	839
LAN	DTW	5.5672	177756.0	31929
LAN	MSP	5.6613	20256.0	3578
LAN	CVG	7.8997	49958.0	6324
LAN	IAD	9.834	9185.0	934
LAN	ATL	12.5625	13467.0	1072
LAS	PIH	0.0	0.0	1
LAS	LNK	2.256	467.0	207
LAS	MSN	2.4024	394.0	164
LAS	PMD	2.6456	5061.0	1913
LAS	GCN	3.2311	9480.0	2934
LAS	YUM	3.4892	1455.0	417
LAS	BFL	4.52	11291.0	2498
LAS	SBA	4.8007	20259.0	4220
LAS	GJT	5.4357	2283.0	420
LAS	MEM	5.5768	41843.0	7503
LAW	DFW	6.486	99917.0	15405
LAW	ATL	9.6667	4234.0	438
LAX	SDF	0.0	0.0	1
LAX	PIH	0.0	0.0	1
LAX	IDA	0.0	0.0	1
LAX	DRO	0.0	0.0	1
LAX	RSW	0.0	0.0	1
LAX	LAX	0.0	0.0	1
LAX	MAF	0.0	0.0	2
LAX	BZN	1.0	11.0	11
LAX	VIS	2.4805	382.0	154
LAX	PMD	3.0	3.0	1
LBB	OAK	0.0	0.0	1
LBB	HOU	1.5455	119.0	77
LBB	PHX	4.3083	4584.0	1064
LBB	MAF	4.4077	9882.0	2242
LBB	ELP	4.7568	66357.0	13950
LBB	AUS	4.9177	67205.0	13666
LBB	LAS	5.4443	24483.0	4497
LBB	AMA	5.4691	11775.0	2153
LBB	ABQ	6.1392	111433.0	18151
LBB	DFW	7.6073	307313.0	40397
LCH	IAH	7.4569	57187.0	7669
LEX	SHV	0.0	0.0	1
LEX	OKC	0.0	0.0	1
LEX	MCN	0.0	0.0	1
LEX	HTS	0.625	5.0	8
LEX	IND	1.0	1.0	1
LEX	STL	1.6585	1224.0	738
LEX	TRI	2.0342	297.0	146
LEX	CRW	2.9677	1380.0	465
LEX	TPA	3.0	357.0	119
LEX	BNA	3.1883	7129.0	2236
LFT	IAD	0.0	0.0	1
LFT	GTR	0.0	0.0	1
LFT	ORF	0.0	0.0	1
LFT	TXK	0.0	0.0	1
LFT	MCN	0.0	0.0	1
LFT	PHL	2.0	6.0	3
LFT	BTR	5.6315	5868.0	1042
LFT	DCA	6.125	98.0	16
LFT	IAH	7.7343	175151.0	22646
LFT	DFW	10.2381	68493.0	6690
LGA	LIT	0.0	0.0	1
LGA	ACK	0.1053	2.0	19
LGA	SFO	2.7879	92.0	33
LGA	OMA	3.0484	2140.0	702
LGA	DCA	3.2153	510972.0	158921
LGA	BOS	3.777	636288.0	168464
LGA	CID	4.5758	453.0	99
LGA	PHL	5.2314	29678.0	5673
LGA	LWB	5.7151	2046.0	358
LGA	ISP	6.0	24.0	4
LGB	TWF	0.0	0.0	2
LGB	PSP	0.5	1.0	2
LGB	SAN	1.4301	778.0	544
LGB	ONT	2.0054	369.0	184
LGB	PDX	3.2367	1463.0	452
LGB	FAT	3.2836	1737.0	529
LGB	SJC	3.4589	10100.0	2920
LGB	BUR	4.0099	4455.0	1111
LGB	OAK	4.4148	87240.0	19761
LGB	ATL	4.6659	2123.0	455
LIH	HNL	2.3829	130912.0	54939
LIH	OGG	3.2529	8360.0	2570
LIH	SNA	3.8261	88.0	23
LIH	SEA	5.1035	1873.0	367
LIH	KOA	6.0943	323.0	53
LIH	PHX	7.3139	5778.0	790
LIH	SFO	8.0631	35905.0	4453
LIH	DEN	8.5135	315.0	37
LIH	LAX	9.2601	65978.0	7125
LIH	SAN	12.5161	388.0	31
LIT	AUS	0.0	0.0	1
LIT	GJT	0.0	0.0	1
LIT	JAN	0.0	0.0	1
LIT	IAD	0.0	0.0	1
LIT	DAY	0.0	0.0	1
LIT	SDF	0.0	0.0	1
LIT	BNA	1.7537	13091.0	7465
LIT	OKC	2.0628	493.0	239
LIT	SHV	2.5714	36.0	14
LIT	CLT	3.0069	12710.0	4227
LMT	PDX	9.9487	388.0	39
LMT	SFO	16.2423	3687.0	227
LNK	LAN	0.0	0.0	1
LNK	SGF	0.0	0.0	1
LNK	DSM	0.0	0.0	1
LNK	CYS	0.0	0.0	1
LNK	GJT	0.0	0.0	2
LNK	CID	0.0	0.0	1
LNK	LAS	1.9174	418.0	218
LNK	ICT	3.5237	1413.0	401
LNK	STL	5.2036	65971.0	12678
LNK	PHX	5.9408	8032.0	1352
LNY	OGG	0.0	0.0	3
LNY	MKK	1.4799	404.0	273
LRD	IAH	5.9829	35371.0	5912
LRD	DFW	10.2842	106040.0	10311
LSE	STL	0.0	0.0	1
LSE	EAU	3.0202	299.0	99
LSE	MSP	4.1352	73730.0	17830
LSE	ORD	11.739	97809.0	8332
LWB	RDU	2.0952	176.0	84
LWB	CLT	3.9808	414.0	104
LWB	PIT	5.3333	32.0	6
LWB	LGA	6.0847	2154.0	354
LWB	ATL	13.3043	14648.0	1101
LWS	IDA	0.0	0.0	3
LWS	SLC	4.9587	12977.0	2617
LWS	BOI	6.5	13.0	2
LWS	GJT	11.0	11.0	1
LWS	TWF	15.0	15.0	1
LYH	ROA	1.75	7.0	4
LYH	CLT	3.8945	9335.0	2397
LYH	ATL	9.4276	50947.0	5404
LYH	CHO	10.2669	7885.0	768
LYH	BWI	14.1494	1231.0	87
MAF	LAX	0.0	0.0	2
MAF	ELP	3.2881	43173.0	13130
MAF	AMA	3.4245	1815.0	530
MAF	PHX	4.0733	9108.0	2236
MAF	AUS	4.6864	61650.0	13155
MAF	LBB	5.2442	11595.0	2211
MAF	HOU	6.1312	74212.0	12104
MAF	DAL	6.1715	294253.0	47679
MAF	IAH	6.9255	110760.0	15993
MAF	ABQ	7.158	87865.0	12275
MAZ	SJU	7.7786	1089.0	140
MBS	GRR	1.3725	70.0	51
MBS	CLE	2.81	2529.0	900
MBS	PIT	4.0075	537.0	134
MBS	DTW	4.247	165846.0	39050
MBS	MSP	5.4804	27221.0	4967
MBS	ORD	11.7323	290340.0	24747
MCI	DSM	1.4695	748.0	509
MCI	MGM	3.0	3.0	1
MCI	SJC	3.205	2689.0	839
MCI	MEM	4.3028	93129.0	21644
MCI	MSP	5.5276	254956.0	46124
MCI	DTW	5.6597	154476.0	27294
MCI	CLT	5.724	133044.0	23243
MCI	MCO	5.7892	90583.0	15647
MCI	CVG	5.9734	148253.0	24819
MCI	PIH	6.0	18.0	3
MCN	DFW	0.0	0.0	1
MCN	CHS	0.0	0.0	1
MCN	FWA	0.0	0.0	1
MCN	EYW	0.0	0.0	1
MCN	ABY	0.0	0.0	1
MCN	BQK	1.0	1.0	1
MCN	VLD	1.0	2.0	2
MCN	ATL	15.2325	104495.0	6860
MCN	VPS	60.0	60.0	1
MCO	MFE	0.0	0.0	1
MCO	TLH	4.7082	36211.0	7691
MCO	DAB	4.7593	771.0	162
MCO	MLB	4.874	1818.0	373
MCO	PNS	4.9688	22603.0	4549
MCO	PFN	5.073	1877.0	370
MCO	JAN	5.1219	19745.0	3855
MCO	MEM	5.1474	121479.0	23600
MCO	CLE	5.6628	154746.0	27327
MCO	SLC	6.0189	82266.0	13668
MDT	BDL	2.0	2.0	1
MDT	CLE	2.5706	10105.0	3931
MDT	ITH	3.2857	92.0	28
MDT	BWI	4.1975	2359.0	562
MDT	CLT	4.3395	64033.0	14756
MDT	PHL	4.79	2007.0	419
MDT	PIT	4.859	126814.0	26099
MDT	STL	4.9133	9124.0	1857
MDT	DTW	4.9734	101756.0	20460
MDT	RDU	5.9038	921.0	156
MDW	EVV	3.6543	1871.0	512
MDW	DSM	4.6576	4788.0	1028
MDW	MIA	5.5154	12735.0	2309
MDW	GSP	5.6456	4556.0	807
MDW	IAH	5.9937	6635.0	1107
MDW	MEM	6.0311	2328.0	386
MDW	GSO	6.1063	10741.0	1759
MDW	DAY	6.471	7241.0	1119
MDW	SJU	6.9366	6673.0	962
MDW	DCA	7.028	48718.0	6932
MEI	CSG	0.0	0.0	1
MEI	MGM	0.0	0.0	1
MEI	PNS	3.0	3.0	1
MEI	AEX	8.25	33.0	4
MEI	ATL	14.6398	81002.0	5533
MEI	LFT	14.96	5236.0	350
MEI	CHA	20.0	20.0	1
MEM	PIA	0.0	0.0	1
MEM	DAY	0.0	0.0	1
MEM	GLH	0.0	0.0	2
MEM	ABQ	0.0	0.0	1
MEM	PIT	4.3728	28904.0	6610
MEM	FAT	4.8333	29.0	6
MEM	BNA	4.9831	147115.0	29523
MEM	LNK	5.0	5.0	1
MEM	TYS	5.0973	71526.0	14032
MEM	GSP	5.1315	27792.0	5416
MFE	MCO	0.0	0.0	1
MFE	PHX	0.0	0.0	1
MFE	AUS	2.3977	1863.0	777
MFE	LAX	4.0118	678.0	169
MFE	DFW	6.7673	140395.0	20746
MFE	IAH	7.0896	294247.0	41504
MFE	HRL	13.0	13.0	1
MFE	ATL	18.3461	22529.0	1228
MFE	ABI	126.0	126.0	1
MFR	IDA	0.0	0.0	1
MFR	OGD	0.0	0.0	1
MFR	BOI	0.0	0.0	1
MFR	FAT	0.0	0.0	1
MFR	PUB	0.0	0.0	1
MFR	TWF	0.5	1.0	2
MFR	GJT	4.3333	13.0	3
MFR	RDD	5.0	10.0	2
MFR	EUG	6.0101	10728.0	1785
MFR	SLC	6.2272	18800.0	3019
MGM	GPT	0.0	0.0	1
MGM	BHM	0.0	0.0	1
MGM	JAN	0.0	0.0	1
MGM	CLT	2.7023	2251.0	833
MGM	SHV	5.0	5.0	1
MGM	PFN	5.1974	790.0	152
MGM	MEM	6.8982	20729.0	3005
MGM	DFW	8.8035	18461.0	2097
MGM	IAH	9.4403	18673.0	1978
MGM	BTR	9.5472	26293.0	2754
MHT	MDT	0.0	0.0	1
MHT	FLL	3.7378	841.0	225
MHT	MCI	4.304	7149.0	1661
MHT	LAS	4.8529	9138.0	1883
MHT	BNA	5.033	20771.0	4127
MHT	CLT	5.2431	31516.0	6011
MHT	CLE	5.6768	40896.0	7204
MHT	ALB	5.9711	1445.0	242
MHT	DCA	6.1827	45727.0	7396
MHT	PIT	7.0262	98704.0	14048
MIA	SHV	0.0	0.0	1
MIA	BUF	1.0	2.0	2
MIA	SAN	2.5137	460.0	183
MIA	HOU	3.6411	13312.0	3656
MIA	SLC	4.0702	985.0	242
MIA	ISP	4.4566	771.0	173
MIA	PSE	4.9469	1024.0	207
MIA	MCI	5.3605	1576.0	294
MIA	TLH	5.4429	51185.0	9404
MIA	GNV	6.008	17952.0	2988
MIB	MSP	5.2727	464.0	88
MKC	MKE	8.0	8.0	1
MKE	COS	0.0	0.0	1
MKE	BHM	0.0	0.0	2
MKE	LNK	0.0	0.0	1
MKE	MDW	0.0	0.0	2
MKE	GSP	0.0	0.0	1
MKE	TUS	0.0	0.0	2
MKE	MKC	1.0	1.0	1
MKE	RST	2.0	2.0	1
MKE	BNA	3.1948	22632.0	7084
MKE	MEM	3.6473	79401.0	21770
MKG	MKE	2.5714	666.0	259
MKG	FNT	16.0556	1734.0	108
MKG	GRR	38.375	921.0	24
MKK	LNY	0.0	0.0	2
MKK	OGG	1.5132	401.0	265
MLB	TXK	0.0	0.0	1
MLB	BWI	1.3081	467.0	357
MLB	TPA	2.2821	801.0	351
MLB	RDU	2.4252	9148.0	3772
MLB	RSW	2.4388	2051.0	841
MLB	JAX	2.9644	2413.0	814
MLB	PHL	3.3241	359.0	108
MLB	PBI	3.5893	201.0	56
MLB	DFW	4.617	217.0	47
MLB	CLT	5.1606	45439.0	8805
MLI	RDU	0.0	0.0	1
MLI	MTJ	0.0	0.0	1
MLI	MKE	0.0	0.0	1
MLI	IAD	0.0	0.0	1
MLI	LNK	2.7123	198.0	73
MLI	OMA	3.523	4217.0	1197
MLI	FSD	4.9278	3479.0	706
MLI	STL	4.9531	104109.0	21019
MLI	CID	5.3744	21530.0	4006
MLI	MCI	5.5067	3706.0	673
MLU	SDF	0.0	0.0	1
MLU	CLL	0.0	0.0	1
MLU	AUS	0.0	0.0	2
MLU	BHM	2.256	4036.0	1789
MLU	PNS	4.3075	20116.0	4670
MLU	SHV	5.9184	53840.0	9097
MLU	IAH	7.228	32374.0	4479
MLU	DFW	9.8065	117639.0	11996
MLU	ATL	11.7039	149787.0	12798
MLU	JAN	23.4401	77071.0	3288
MOB	MGM	0.0	0.0	1
MOB	GPT	0.7442	32.0	43
MOB	JAN	2.0388	5723.0	2807
MOB	BNA	2.1017	12581.0	5986
MOB	CLT	3.8293	16156.0	4219
MOB	MEM	3.8924	23954.0	6154
MOB	SHV	7.0945	18318.0	2582
MOB	BTR	7.1938	52141.0	7248
MOB	IAH	7.2529	73784.0	10173
MOB	BHM	8.1866	9521.0	1163
MOD	ONT	0.0	0.0	2
MOD	FAT	0.0	0.0	1
MOD	LAX	8.7094	24212.0	2780
MOD	SFO	13.6247	114052.0	8371
MOD	SNA	28.0	28.0	1
MOD	BFL	42.0	42.0	1
MOD	RNO	63.0	63.0	1
MOD	MRY	217.0	217.0	1
MOT	DEN	0.0	0.0	3
MOT	BIS	2.1436	11616.0	5419
MOT	MSP	5.2689	106995.0	20307
MQT	TVC	12.4004	11954.0	964
MQT	ORD	13.4921	22316.0	1654
MQT	GRB	13.6155	19688.0	1446
MQT	MSN	16.2602	13187.0	811
MQT	MKE	22.9267	6878.0	300
MRY	PVU	0.0	0.0	1
MRY	PIH	0.0	0.0	1
MRY	SBP	0.0	0.0	1
MRY	PSP	1.0	1.0	1
MRY	DEN	4.8979	5946.0	1214
MRY	SLC	5.8159	9317.0	1602
MRY	LAX	6.0085	171537.0	28549
MRY	LAS	6.8675	2280.0	332
MRY	PHX	7.3352	15646.0	2133
MRY	ONT	7.3531	4831.0	657
MSN	PUB	0.0	0.0	1
MSN	MLI	0.0	0.0	1
MSN	RAP	0.0	0.0	1
MSN	LNK	0.0	0.0	1
MSN	CPR	0.0	0.0	1
MSN	DSM	0.0	0.0	1
MSN	PIT	2.8871	2838.0	983
MSN	MKE	3.7373	12251.0	3278
MSN	LSE	3.9	78.0	20
MSN	STL	4.0319	10733.0	2662
MSO	PIH	0.0	0.0	2
MSO	CPR	0.0	0.0	3
MSO	COS	0.5	2.0	4
MSO	SFO	0.9167	11.0	12
MSO	RAP	2.0	2.0	1
MSO	GTF	4.745	55246.0	11643
MSO	DEN	6.0232	39428.0	6546
MSO	SLC	6.0614	141509.0	23346
MSO	TWF	6.6667	20.0	3
MSO	BZN	6.8038	24487.0	3599
MSP	BHM	0.0	0.0	1
MSP	SPI	0.0	0.0	1
MSP	PIA	0.0	0.0	1
MSP	MIB	3.0455	268.0	88
MSP	EAU	3.8819	6440.0	1659
MSP	MHT	4.3295	5992.0	1384
MSP	JAX	4.6662	9589.0	2055
MSP	PIR	5.5	11.0	2
MSP	PBI	5.7905	608.0	105
MSP	RST	5.8449	147267.0	25196
MSY	CAE	0.0	0.0	1
MSY	TWF	0.0	0.0	1
MSY	CVG	4.0342	92952.0	23041
MSY	MEM	4.6081	111046.0	24098
MSY	CLE	5.0401	33028.0	6553
MSY	DTW	5.2555	79426.0	15113
MSY	SFO	5.3149	30890.0	5812
MSY	PNS	5.3486	12826.0	2398
MSY	BNA	5.6561	105458.0	18645
MSY	DCA	5.8395	66267.0	11348
MTH	ATL	18.3492	2312.0	126
MTJ	PUB	0.0	0.0	1
MTJ	IAH	5.4182	13811.0	2549
MTJ	DEN	8.0725	91518.0	11337
MTJ	LAX	10.8308	2177.0	201
MTJ	SLC	12.7475	6310.0	495
MTJ	DFW	14.1462	15094.0	1067
MTJ	COS	17.0	17.0	1
MTJ	CLE	17.5	315.0	18
MTJ	ORD	17.6192	4581.0	260
MTJ	ATL	22.3864	985.0	44
MYR	FLO	0.0	0.0	2
MYR	CAE	0.0	0.0	3
MYR	SAV	0.0	0.0	1
MYR	ILM	0.0	0.0	2
MYR	DAY	1.8	45.0	25
MYR	CLE	2.1282	249.0	117
MYR	RDU	2.1303	6915.0	3246
MYR	DCA	3.875	31.0	8
MYR	CLT	4.7951	203676.0	42476
MYR	BWI	4.7996	13530.0	2819
OAJ	CLT	3.8951	28547.0	7329
OAJ	BWI	4.453	4070.0	914
OAJ	ATL	15.2211	31249.0	2053
OAK	CPR	0.0	0.0	1
OAK	OKC	0.0	0.0	1
OAK	ABI	0.0	0.0	1
OAK	PIT	0.0	0.0	1
OAK	LBB	0.3333	1.0	3
OAK	PSP	2.4069	1526.0	634
OAK	AUS	2.6286	460.0	175
OAK	MSY	3.0477	3514.0	1153
OAK	MSP	3.6545	2792.0	764
OAK	LGB	4.6659	89991.0	19287
OGD	SLC	143.6667	862.0	6
OGG	ANC	0.0	0.0	1
OGG	ITO	3.0198	3195.0	1058
OGG	LIH	3.2611	10504.0	3221
OGG	HNL	3.4326	282646.0	82342
OGG	SLC	3.7301	3842.0	1030
OGG	DEN	4.9676	1227.0	247
OGG	KOA	5.8184	38826.0	6673
OGG	IAH	6.8579	5212.0	760
OGG	LAS	6.9335	2399.0	346
OGG	ATL	7.1802	1235.0	172
OKC	SPI	0.0	0.0	1
OKC	PIH	0.0	0.0	1
OKC	TXK	0.0	0.0	2
OKC	TWF	0.0	0.0	1
OKC	BOS	0.0	0.0	1
OKC	CLE	3.3121	467.0	141
OKC	MEM	3.5014	62233.0	17774
OKC	ICT	4.3475	6330.0	1456
OKC	ABQ	4.404	2889.0	656
OKC	OMA	6.0	6.0	1
OMA	SBN	0.0	0.0	1
OMA	BWI	0.0	0.0	1
OMA	ATW	0.0	0.0	1
OMA	CHA	0.0	0.0	1
OMA	ORF	0.0	0.0	1
OMA	IDA	0.0	0.0	1
OMA	ABQ	0.0	0.0	1
OMA	PIH	1.0	2.0	2
OMA	PIT	3.1472	4318.0	1372
OMA	MCO	3.3043	76.0	23
OME	OTZ	12.2689	76411.0	6228
OME	ANC	13.1781	173239.0	13146
OME	FAI	20.0	20.0	1
ONT	PVU	0.0	0.0	1
ONT	LBB	0.0	0.0	1
ONT	GTF	0.0	0.0	1
ONT	FLL	0.0	0.0	4
ONT	BUR	2.7762	4739.0	1707
ONT	RNO	3.4431	1150.0	334
ONT	SNA	4.2421	4539.0	1070
ONT	IAH	4.562	63275.0	13870
ONT	DFW	5.492	303563.0	55274
ONT	STL	5.5511	65553.0	11809
ORD	MLB	0.0	0.0	1
ORD	EUG	0.0	0.0	1
ORD	PIH	0.0	0.0	1
ORD	SBA	3.9832	474.0	119
ORD	GTF	5.4583	131.0	24
ORD	BGM	5.5	11.0	2
ORD	TWF	6.0667	91.0	15
ORD	STT	8.0332	5318.0	662
ORD	HVN	8.3519	26175.0	3134
ORD	HOU	8.381	42626.0	5086
ORF	SAV	0.0	0.0	1
ORF	PHF	0.0	0.0	1
ORF	ALB	1.0	2.0	2
ORF	FAY	1.8917	227.0	120
ORF	BNA	1.9598	5211.0	2659
ORF	CLE	4.3041	23130.0	5374
ORF	RDU	4.3974	52421.0	11921
ORF	DCA	4.5106	1060.0	235
ORF	STL	5.1817	72078.0	13910
ORF	CVG	5.5064	99589.0	18086
ORH	PHL	3.8136	8165.0	2141
ORH	BWI	4.7151	18403.0	3903
ORH	DTW	5.1267	9792.0	1910
ORH	PIT	5.7863	16514.0	2854
ORH	EWR	8.9551	7979.0	891
ORH	ORD	9.7454	4746.0	487
ORH	JFK	13.8668	6975.0	503
OTH	PDX	14.8205	578.0	39
OTH	SFO	16.3348	3757.0	230
OTZ	ANC	9.8377	87064.0	8850
OTZ	OME	15.0908	148418.0	9835
OXR	ONT	0.0	0.0	2
OXR	BFL	0.0	0.0	1
OXR	PSP	0.0	0.0	1
OXR	LAX	4.1016	37193.0	9068
PBI	AUS	0.0	0.0	1
PBI	JAX	1.2614	111.0	88
PBI	DEN	1.766	249.0	141
PBI	RDU	3.9116	28907.0	7390
PBI	SRQ	3.9866	8061.0	2022
PBI	MCO	4.0531	74532.0	18389
PBI	BNA	4.0944	9495.0	2319
PBI	TPA	4.2161	68305.0	16201
PBI	GSO	4.4154	574.0	130
PBI	MSP	4.6571	489.0	105
PDX	FAT	0.0	0.0	1
PDX	TPA	0.0	0.0	1
PDX	MSO	0.0	0.0	1
PDX	PIH	0.0	0.0	3
PDX	MEM	0.7553	71.0	94
PDX	LGB	2.3155	998.0	431
PDX	ACV	2.5	5.0	2
PDX	RDM	3.382	33820.0	10000
PDX	MCI	3.6643	13217.0	3607
PDX	MFR	3.8785	35872.0	9249
PFN	SAT	0.0	0.0	1
PFN	IAH	0.0	0.0	1
PFN	MGM	0.5752	88.0	153
PFN	DFW	4.1618	1698.0	408
PFN	MCO	6.2092	2285.0	368
PFN	MEM	7.0404	17784.0	2526
PFN	CVG	7.1634	2192.0	306
PFN	TLH	7.5	15.0	2
PFN	ATL	13.9438	286809.0	20569
PFN	CSG	15.0	15.0	1
PHF	CHO	0.0	0.0	1
PHF	JFK	0.0	0.0	1
PHF	IAD	1.5955	1854.0	1162
PHF	TPA	2.4934	566.0	227
PHF	CLT	2.9712	4338.0	1460
PHF	PIT	4.8589	28891.0	5946
PHF	MCO	6.1528	12970.0	2108
PHF	FLL	6.4155	4401.0	686
PHF	CVG	8.8217	6978.0	791
PHF	BOS	10.7052	36933.0	3450
PHL	SHV	0.0	0.0	1
PHL	MCN	0.0	0.0	1
PHL	GRR	5.0	5.0	1
PHL	CAK	5.3212	3214.0	604
PHL	MEM	5.8963	103681.0	17584
PHL	ATW	6.0	12.0	2
PHL	ORH	6.6924	14208.0	2123
PHL	MLB	7.3981	799.0	108
PHL	TYS	7.5	45.0	6
PHL	SLC	7.6372	61151.0	8007
PHX	TWF	0.0	0.0	2
PHX	PIH	0.0	0.0	2
PHX	IDA	0.0	0.0	2
PHX	SHV	0.0	0.0	1
PHX	DAY	3.4253	596.0	174
PHX	GCN	3.6236	2243.0	619
PHX	SUX	3.9852	2686.0	674
PHX	PUB	4.986	6432.0	1290
PHX	FSD	5.0769	462.0	91
PHX	CVG	5.2827	107831.0	20412
PIA	HPN	0.0	0.0	1
PIA	LNK	0.0	0.0	1
PIA	CID	3.1776	966.0	304
PIA	DEN	3.3747	1522.0	451
PIA	STL	4.0558	18028.0	4445
PIA	CMI	4.1587	2882.0	693
PIA	MLI	5.4417	27029.0	4967
PIA	DTW	6.8685	6999.0	1019
PIA	DFW	8.7956	21945.0	2495
PIA	CHA	10.0	10.0	1
PIE	MCO	0.0	0.0	2
PIE	RSW	0.0	0.0	1
PIE	TPA	0.0	0.0	1
PIE	RDU	2.0157	2050.0	1017
PIE	SFO	3.7368	639.0	171
PIE	IND	5.4994	9470.0	1722
PIE	LAX	5.8499	2299.0	393
PIE	MDW	6.6757	15354.0	2300
PIE	LAS	7.855	3629.0	462
PIE	SJU	18.3824	625.0	34
PIH	SLC	4.9287	51539.0	10457
PIH	TWF	60.0	120.0	2
PIH	IDA	130.0	130.0	1
PIR	JAX	32.0	64.0	2
PIR	MSP	59.0	118.0	2
PIT	CAE	0.0	0.0	1
PIT	LWB	2.1667	13.0	6
PIT	MSN	4.6911	4677.0	997
PIT	COS	5.0	5.0	1
PIT	DSM	5.1982	5089.0	979
PIT	ACY	5.6665	26468.0	4671
PIT	CMI	5.8918	3376.0	573
PIT	AZO	5.9862	15157.0	2532
PIT	TTN	6.0203	4756.0	790
PIT	ORH	6.3162	17919.0	2837
PLN	DCA	0.0	0.0	2
PLN	DTW	9.5611	7123.0	745
PMD	LAX	0.0	0.0	1
PMD	LAS	2.1758	4195.0	1928
PMD	PHX	6.8377	2065.0	302
PMD	SFO	15.7323	15984.0	1016
PNS	GPT	0.0	0.0	1
PNS	SHV	0.0	0.0	1
PNS	SAT	0.0	0.0	1
PNS	AUS	0.0	0.0	1
PNS	JAN	1.2103	564.0	466
PNS	RDU	2.0179	904.0	448
PNS	BNA	2.1269	2380.0	1119
PNS	MSY	3.7606	8999.0	2393
PNS	TPA	4.769	26406.0	5537
PNS	FLL	4.8252	690.0	143
PSC	RAP	0.0	0.0	1
PSC	OGD	0.0	0.0	1
PSC	CPR	0.0	0.0	2
PSC	PIH	1.0	2.0	2
PSC	BOI	2.6175	5727.0	2188
PSC	YKM	3.8824	792.0	204
PSC	SFO	4.5604	1888.0	414
PSC	SLC	4.8339	104731.0	21666
PSC	DEN	5.3169	27143.0	5105
PSC	SEA	5.7817	11546.0	1997
PSE	IAD	0.0	0.0	1
PSE	MIA	1.1165	230.0	206
PSE	JFK	6.3547	7937.0	1249
PSE	EWR	9.0	5877.0	653
PSE	MCO	11.004	5502.0	500
PSE	FLL	11.7778	1166.0	99
PSG	SIT	11.8013	28984.0	2456
PSG	WRG	15.2013	101393.0	6670
PSG	JNU	18.0288	76244.0	4229
PSP	SGU	0.0	0.0	1
PSP	LGB	1.2	6.0	5
PSP	TUS	1.475	1565.0	1061
PSP	ONT	2.6049	9362.0	3594
PSP	SNA	3.1385	1224.0	390
PSP	GJT	3.25	26.0	8
PSP	OAK	3.5455	2223.0	627
PSP	IAH	3.9028	13410.0	3436
PSP	SAN	4.853	5416.0	1116
PSP	PHX	5.4064	53902.0	9970
PUB	DEN	1.4737	28.0	19
PUB	LAS	2.2727	125.0	55
PUB	PHX	2.67	3439.0	1288
PUB	COS	2.7106	13656.0	5038
PVD	SYR	0.0	0.0	1
PVD	ALB	2.3238	488.0	210
PVD	MCI	2.9212	7344.0	2514
PVD	RDU	3.7014	26994.0	7293
PVD	IAH	4.6291	3532.0	763
PVD	DCA	5.5284	141323.0	25563
PVD	PHX	5.6386	29219.0	5182
PVD	DTW	5.6711	150051.0	26459
PVD	FLL	5.8099	5072.0	873
PVD	CLT	5.9225	114055.0	19258
PVU	SLC	0.0	0.0	1
PWM	ALB	3.6049	20490.0	5684
PWM	BTV	3.9091	602.0	154
PWM	CLE	5.7101	6441.0	1128
PWM	BDL	5.7519	3060.0	532
PWM	CVG	6.0805	76699.0	12614
PWM	BOS	6.8537	106267.0	15505
PWM	MHT	7.5298	12492.0	1659
PWM	MCO	7.9174	3832.0	484
PWM	BWI	8.2533	11860.0	1437
PWM	BGR	8.3965	24610.0	2931
RAP	PIH	0.0	0.0	2
RAP	CPR	1.5173	3074.0	2026
RAP	SUX	1.6752	196.0	117
RAP	SLC	3.8097	35316.0	9270
RAP	FSD	4.5688	30332.0	6639
RAP	MSP	5.1328	99813.0	19446
RAP	GJT	7.5	30.0	4
RAP	COS	7.6	38.0	5
RAP	DEN	7.6137	88981.0	11687
RAP	GRB	17.0	17.0	1
RDD	SBA	0.0	0.0	1
RDD	SFO	12.624	142134.0	11259
RDD	ACV	51.7143	724.0	14
RDD	SJC	58.3333	175.0	3
RDD	SMF	63.0	252.0	4
RDD	FAT	73.3333	220.0	3
RDD	MRY	75.5	151.0	2
RDD	CEC	112.0	112.0	1
RDD	CIC	115.0	115.0	1
RDD	MFR	179.0	358.0	2
RDM	SMF	0.0	0.0	2
RDM	BOI	0.0	0.0	1
RDM	PIH	0.0	0.0	1
RDM	PDX	4.8196	48167.0	9994
RDM	SLC	5.0342	14740.0	2928
RDM	MFR	5.4879	2958.0	539
RDM	IDA	9.0	36.0	4
RDM	DEN	10.2542	605.0	59
RDM	OGD	13.0	13.0	1
RDM	LAX	13.069	758.0	58
RDR	MSP	4.8043	221.0	46
RDU	LEX	0.0	0.0	1
RDU	MSN	0.0	0.0	1
RDU	FAY	0.0	0.0	1
RDU	PNS	3.2395	1461.0	451
RDU	ABE	3.7	333.0	90
RDU	SLC	3.741	4463.0	1193
RDU	RIC	4.2904	19723.0	4597
RDU	CLE	4.6765	57872.0	12375
RDU	SAV	5.0321	24164.0	4802
RDU	BHM	5.1206	3185.0	622
RFD	DEN	6.0481	9302.0	1538
RFD	COS	12.0	36.0	3
RFD	GJT	14.0	14.0	1
RHI	MSP	9.9315	3625.0	365
RIC	BUF	0.0	0.0	1
RIC	BNA	2.0113	6227.0	3096
RIC	MCO	3.7296	4524.0	1213
RIC	ROA	4.5272	3916.0	865
RIC	BWI	4.5622	40800.0	8943
RIC	RDU	4.9556	14297.0	2885
RIC	CHO	5.3517	2906.0	543
RIC	CVG	5.5582	92956.0	16724
RIC	PIT	5.6907	109398.0	19224
RIC	CLT	5.9169	246293.0	41625
RKS	SLC	2.6566	441.0	166
RKS	DEN	7.0918	2936.0	414
RNO	SBA	0.0	0.0	1
RNO	JAC	0.0	0.0	2
RNO	IDA	0.0	0.0	2
RNO	GJT	2.0	4.0	2
RNO	SMF	2.5168	2844.0	1130
RNO	TWF	4.0	20.0	5
RNO	PIH	4.0	12.0	3
RNO	TUS	4.4672	1224.0	274
RNO	LGB	5.5627	3104.0	558
RNO	BUR	5.5871	1732.0	310
ROA	BNA	0.0	0.0	1
ROA	ROC	0.0	0.0	1
ROA	RIC	2.414	2105.0	872
ROA	CHO	2.7028	1073.0	397
ROA	BWI	4.6485	31196.0	6711
ROA	CRW	4.8163	1888.0	392
ROA	CLT	5.1975	124168.0	23890
ROA	PIT	5.5996	43705.0	7805
ROA	FWA	6.0	6.0	1
ROA	EWR	6.7326	2518.0	374
ROC	LEX	0.0	0.0	1
ROC	RDU	2.415	13461.0	5574
ROC	TPA	3.6651	5307.0	1448
ROC	ALB	4.4187	3778.0	855
ROC	BDL	5.0362	1808.0	359
ROC	DTW	5.5195	139383.0	25253
ROC	CLT	5.6553	53403.0	9443
ROC	BWI	5.765	79840.0	13849
ROC	DCA	5.9253	83493.0	14091
ROC	PIT	6.0517	129439.0	21389
ROP	GUM	7.0307	12845.0	1827
ROR	GUM	11.5308	20006.0	1735
ROR	YAP	27.544	8456.0	307
ROW	DFW	11.618	11769.0	1013
RST	MDW	0.0	0.0	1
RST	FAR	3.0	3.0	1
RST	ALO	3.0566	162.0	53
RST	MSP	3.5192	82644.0	23484
RST	LSE	6.556	12463.0	1901
RST	DFW	9.1145	2388.0	262
RST	ORD	9.1339	260864.0	28560
RST	DTW	11.0959	5204.0	469
RSW	RIC	0.0	0.0	12
RSW	CAE	0.0	0.0	1
RSW	EYW	0.0	0.0	1
RSW	HOU	1.4286	10.0	7
RSW	TPA	2.8641	13719.0	4790
RSW	RDU	3.3073	21051.0	6365
RSW	DAY	3.5178	1481.0	421
RSW	BNA	3.7275	5718.0	1534
RSW	MCO	4.0593	74597.0	18377
RSW	PBI	4.716	1910.0	405
SAN	CDC	0.0	0.0	1
SAN	BUR	0.3667	22.0	60
SAN	KOA	0.5652	13.0	23
SAN	MIA	1.0733	205.0	191
SAN	CLD	2.0	2.0	1
SAN	MSY	3.1256	5001.0	1600
SAN	IPL	4.5179	4911.0	1087
SAN	CLE	4.5834	11683.0	2549
SAN	ONT	4.9844	35873.0	7197
SAN	SBP	5.0	5.0	1
SAT	PVU	0.0	0.0	1
SAT	MGM	0.0	0.0	1
SAT	GSO	0.0	0.0	1
SAT	PIA	0.0	0.0	1
SAT	BDL	0.0	0.0	1
SAT	MRY	0.0	0.0	2
SAT	BNA	3.1238	25690.0	8224
SAT	MSY	3.4696	15627.0	4504
SAT	PIT	3.6337	17794.0	4897
SAT	MEM	3.9122	76436.0	19538
SAV	SAT	0.0	0.0	1
SAV	MYR	0.0	0.0	1
SAV	HHH	0.0	0.0	1
SAV	AGS	0.0	0.0	1
SAV	MLU	0.0	0.0	1
SAV	HTS	0.0	0.0	1
SAV	SHV	0.0	0.0	1
SAV	RDU	2.212	11383.0	5146
SAV	GSP	2.6497	1558.0	588
SAV	CHS	4.2325	23232.0	5489
SBA	DRO	0.0	0.0	1
SBA	GJT	0.0	0.0	5
SBA	PUB	0.0	0.0	1
SBA	SMX	0.0	0.0	1
SBA	MOD	0.0	0.0	1
SBA	PSP	2.0	10.0	5
SBA	LGB	2.1002	2243.0	1068
SBA	BUR	2.6872	524.0	195
SBA	ONT	2.9733	2007.0	675
SBA	IDA	4.0	4.0	1
SBN	PHX	0.0	0.0	1
SBN	CLE	2.4235	412.0	170
SBN	AZO	3.6875	59.0	16
SBN	PIT	4.399	51539.0	11716
SBN	DAY	5.8029	29386.0	5064
SBN	CVG	5.9265	90581.0	15284
SBN	DTW	6.0351	102862.0	17044
SBN	EWR	11.75	47.0	4
SBN	MSP	17.6387	11765.0	667
SBN	ATL	17.6489	90733.0	5141
SBP	OXR	0.0	0.0	1
SBP	ONT	0.0	0.0	1
SBP	PSP	0.0	0.0	1
SBP	SLC	6.0554	4045.0	668
SBP	LAX	6.2757	151012.0	24063
SBP	PHX	7.9608	23763.0	2985
SBP	SJC	8.0456	2647.0	329
SBP	SMX	11.0	11.0	1
SBP	SFO	14.2893	142036.0	9940
SBP	LAS	17.8719	10044.0	562
SCC	FAI	7.0499	6211.0	881
SCC	ANC	9.2517	71349.0	7712
SCC	BRW	15.0043	27773.0	1851
SCE	CVG	4.9082	15775.0	3214
SCE	IAD	5.606	11313.0	2018
SCE	DTW	12.8207	8936.0	697
SCE	ATL	17.8481	5640.0	316
SCK	LAX	3.6329	9816.0	2702
SCK	FAT	4.6214	1123.0	243
SCK	DEN	13.2261	3042.0	230
SDF	JAX	0.0	0.0	1
SDF	PIA	0.0	0.0	1
SDF	JAN	0.0	0.0	1
SDF	SHV	0.0	0.0	2
SDF	FWA	2.5	5.0	2
SDF	BNA	2.6049	14689.0	5639
SDF	MEM	4.0004	37516.0	9378
SDF	PHX	4.0967	16010.0	3908
SDF	IND	4.4551	20703.0	4647
SDF	ELP	5.0	5.0	1
SEA	EUG	0.0	0.0	1
SEA	PIH	1.0	1.0	1
SEA	PSC	4.3119	8723.0	2023
SEA	CVG	5.0983	78457.0	15389
SEA	BLI	5.7921	31758.0	5483
SEA	MEM	5.9726	68351.0	11444
SEA	YKM	6.6223	3384.0	511
SEA	MKE	7.0342	5353.0	761
SEA	LIH	7.0541	2610.0	370
SEA	SNA	7.158	281705.0	39355
SFO	SDF	0.0	0.0	1
SFO	PIH	0.0	0.0	2
SFO	FAR	0.0	0.0	1
SFO	MSO	0.5833	7.0	12
SFO	LGA	1.2121	40.0	33
SFO	OAK	2.5486	4093.0	1606
SFO	PIE	2.7283	472.0	173
SFO	BNA	3.0649	4202.0	1371
SFO	SCK	4.0	12.0	3
SFO	MEM	5.4396	63769.0	11723
SGF	SBN	0.0	0.0	2
SGF	RAP	0.0	0.0	1
SGF	SPI	0.0	0.0	1
SGF	PIA	0.0	0.0	1
SGF	COS	0.4	2.0	5
SGF	SLC	0.4343	129.0	297
SGF	GJT	1.0	1.0	1
SGF	ICT	3.4211	845.0	247
SGF	STL	4.8841	96719.0	19803
SGF	CVG	6.5471	22810.0	3484
SGU	SBA	0.0	0.0	2
SGU	PVU	0.0	0.0	1
SGU	OGD	2.5	5.0	2
SGU	CDC	3.2643	457.0	140
SGU	PSP	5.75	23.0	4
SGU	LAX	5.7543	24030.0	4176
SGU	SLC	6.0052	84668.0	14099
SGU	TWF	8.3333	25.0	3
SGU	GJT	11.0	11.0	1
SGU	ONT	15.0	45.0	3
SHV	AUS	0.0	0.0	1
SHV	CLT	0.0	0.0	1
SHV	LIT	2.0	22.0	11
SHV	TUL	2.0	2.0	1
SHV	BTR	4.2594	9524.0	2236
SHV	MEM	5.1459	27340.0	5313
SHV	JAN	5.6746	22131.0	3900
SHV	STL	6.1886	36222.0	5853
SHV	MOB	6.2243	17067.0	2742
SHV	DFW	7.095	387480.0	54613
SIT	JNU	10.5329	164872.0	15653
SIT	SEA	10.7319	32099.0	2991
SIT	KTN	12.9218	102018.0	7895
SJC	SMX	0.0	0.0	3
SJC	GJT	0.0	0.0	1
SJC	BWI	1.9138	1399.0	731
SJC	TVL	3.8573	9300.0	2411
SJC	LGB	4.5155	16721.0	3703
SJC	CVG	4.6348	2373.0	512
SJC	SLC	4.6544	141183.0	30333
SJC	SBA	4.6601	33338.0	7154
SJC	EUG	4.9609	4058.0	818
SJC	SNA	5.1333	414069.0	80663
SJT	TYR	0.0	0.0	1
SJT	CLL	0.0	0.0	2
SJT	DFW	6.291	81802.0	13003
SJT	IAH	7.6536	12904.0	1686
SJU	PIE	0.3824	13.0	34
SJU	RDU	2.9465	14255.0	4838
SJU	BNA	2.9786	4864.0	1633
SJU	SYR	4.6721	285.0	61
SJU	DFW	6.7257	125837.0	18710
SJU	CLE	6.9868	6372.0	912
SJU	MDW	7.1165	6839.0	961
SJU	IAH	7.5036	29024.0	3868
SJU	STX	7.5836	25041.0	3302
SJU	PIT	7.6548	13947.0	1822
SLC	GRR	0.0	0.0	2
SLC	FMN	0.0	0.0	2
SLC	LBF	0.0	0.0	1
SLC	OGD	0.0	0.0	1
SLC	SUX	1.0	1.0	1
SLC	RCA	1.0	1.0	1
SLC	GUC	1.75	21.0	12
SLC	PVU	2.0	2.0	1
SLC	GCC	2.4235	412.0	170
SLC	RKS	2.8144	470.0	167
SLE	TWF	0.0	0.0	2
SLE	BOI	4.0	4.0	1
SLE	SLC	6.1425	5387.0	877
SMF	PSP	1.3832	148.0	107
SMF	SJC	2.8412	483.0	170
SMF	TWF	3.6	18.0	5
SMF	MFR	4.0	4.0	1
SMF	LGB	4.0428	9719.0	2404
SMF	PIT	4.1434	4131.0	997
SMF	MCI	4.2146	12235.0	2903
SMF	RNO	4.847	3897.0	804
SMF	SLC	5.1023	164630.0	32266
SMF	SNA	5.1583	221128.0	42868
SMX	ONT	0.0	0.0	1
SMX	SBA	0.0	0.0	2
SMX	SAN	0.0	0.0	1
SMX	LAX	5.1544	57307.0	11118
SMX	SFO	68.0	136.0	2
SNA	CDC	0.0	0.0	2
SNA	PVU	0.0	0.0	1
SNA	CLE	0.0	0.0	1
SNA	LGB	1.0	1.0	1
SNA	IAD	2.8229	765.0	271
SNA	SAN	2.9444	4396.0	1493
SNA	TUS	3.3964	3247.0	956
SNA	BUR	3.6353	3868.0	1064
SNA	GJT	4.0	8.0	2
SNA	PHL	4.0111	361.0	90
SOP	ATL	27.4886	8439.0	307
SPI	ORD	19.6663	98017.0	4984
SPI	IAD	30.9353	11477.0	371
SPN	GUM	8.4584	81632.0	9651
SPS	DFW	6.9155	107065.0	15482
SRQ	EYW	0.0	0.0	1
SRQ	FLL	2.0	2.0	1
SRQ	MEM	2.296	2172.0	946
SRQ	MCO	2.9596	25672.0	8674
SRQ	TPA	3.4718	9037.0	2603
SRQ	BNA	3.5668	1202.0	337
SRQ	RDU	3.5718	19120.0	5353
SRQ	IAH	4.5466	13408.0	2949
SRQ	DCA	5.1232	1081.0	211
SRQ	RSW	5.4692	68721.0	12565
STL	OAK	0.0	0.0	2
STL	XNA	0.0	0.0	1
STL	SPI	0.0	0.0	1
STL	LEX	3.7139	2648.0	713
STL	GRR	3.9031	2135.0	547
STL	CMI	4.0068	3534.0	882
STL	MEM	4.3621	96131.0	22038
STL	MSN	5.0928	13221.0	2596
STL	TOL	5.6367	7012.0	1244
STL	PIA	5.7002	26677.0	4680
STT	RDU	4.2998	2008.0	467
STT	ATL	5.4112	43982.0	8128
STT	SJU	6.178	68767.0	11131
STT	CLT	8.6757	20787.0	2396
STT	EWR	8.8012	18597.0	2113
STT	MIA	9.1184	81847.0	8976
STT	JFK	11.4302	61060.0	5342
STT	LGA	12.0745	1135.0	94
STT	STX	14.1554	203527.0	14378
STT	BOS	14.4858	13269.0	916
STX	SJU	3.1963	10602.0	3317
STX	STT	6.2588	24303.0	3883
STX	MCO	6.9212	3073.0	444
STX	MIA	7.6754	66738.0	8695
STX	PHL	8.138	12679.0	1558
STX	RDU	8.2252	9023.0	1097
STX	JFK	8.6938	31376.0	3609
STX	EWR	11.7079	19763.0	1688
STX	ATL	13.0245	10641.0	817
STX	CLT	13.3391	3108.0	233
SUN	IDA	0.0	0.0	1
SUN	OGD	0.0	0.0	1
SUN	PVU	0.0	0.0	1
SUN	LAX	0.5556	5.0	9
SUN	PIH	3.0	9.0	3
SUN	SLC	4.6713	79155.0	16945
SUN	TWF	6.1111	165.0	27
SUN	BOI	17.4651	751.0	43
SUX	DEN	2.488	413.0	166
SUX	ORD	3.4427	4238.0	1231
SUX	CID	3.4853	3447.0	989
SUX	LNK	3.8916	23003.0	5911
SUX	STL	4.2441	1982.0	467
SUX	PHX	4.8466	3034.0	626
SUX	FSD	5.1627	8472.0	1641
SUX	MSP	5.3492	27709.0	5180
SUX	OMA	7.6366	3047.0	399
SUX	RAP	12.8205	1500.0	117
SWF	LGA	0.0	0.0	1
SWF	DFW	2.9167	560.0	192
SWF	RDU	3.0476	14927.0	4898
SWF	ALB	3.51	351.0	100
SWF	BWI	4.3395	1176.0	271
SWF	ISP	4.5	9.0	2
SWF	PIT	4.9187	32680.0	6644
SWF	CLT	5.073	4657.0	918
SWF	PHL	5.9895	569.0	95
SWF	TPA	6.0815	3509.0	577
SYR	CAK	0.0	0.0	1
SYR	RDU	2.7907	16323.0	5849
SYR	SJU	3.2069	186.0	58
SYR	BDL	4.4529	21503.0	4829
SYR	ISP	4.5308	11558.0	2551
SYR	STL	5.3281	20332.0	3816
SYR	DTW	5.3651	139470.0	25996
SYR	ROC	5.495	106042.0	19298
SYR	BWI	5.8301	44985.0	7716
SYR	CVG	6.1772	79500.0	12870
TEX	PHX	13.2649	7362.0	555
TLH	MLB	0.0	0.0	1
TLH	CSG	0.0	0.0	1
TLH	IAD	0.0	0.0	1
TLH	AGS	0.0	0.0	1
TLH	AUS	0.0	0.0	4
TLH	TPA	4.3422	57921.0	13339
TLH	MCO	4.664	39537.0	8477
TLH	CLT	4.6812	48802.0	10425
TLH	SHV	5.0	5.0	1
TLH	MIA	5.9335	53318.0	8986
TOL	SBN	0.0	0.0	1
TOL	STL	2.926	3757.0	1284
TOL	DAY	3.4393	9747.0	2834
TOL	DFW	4.2097	522.0	124
TOL	PIT	4.6093	70486.0	15292
TOL	CVG	7.2304	61979.0	8572
TOL	FWA	7.7404	29011.0	3748
TOL	ATL	9.3729	116130.0	12390
TOL	ORD	10.9012	111465.0	10225
TOL	AZO	20.0	20.0	1
TPA	DAB	0.0	0.0	1
TPA	PIE	0.0	0.0	1
TPA	AUS	2.0197	6661.0	3298
TPA	LEX	2.9576	349.0	118
TPA	PHF	4.1549	939.0	226
TPA	SJU	4.9924	36589.0	7329
TPA	TLH	5.1053	67656.0	13252
TPA	ABQ	5.1699	19723.0	3815
TPA	APF	5.2236	4743.0	908
TPA	PNS	5.2995	29232.0	5516
TRI	AVL	0.0	0.0	1
TRI	LEX	0.0	0.0	1
TRI	TYS	2.9667	445.0	150
TRI	PIT	3.569	12695.0	3557
TRI	CLT	4.0369	84917.0	21035
TRI	MEM	5.2939	2774.0	524
TRI	CVG	7.6842	34994.0	4554
TRI	ATL	15.8807	245658.0	15469
TRI	MCO	21.913	504.0	23
TTN	LGA	0.0	0.0	1
TTN	PIT	3.5852	2861.0	798
TTN	BOS	13.1628	8569.0	651
TTN	ATL	14.1265	2345.0	166
TTN	JFK	15.0	15.0	1
TUL	FWA	0.0	0.0	1
TUL	MTJ	0.0	0.0	1
TUL	ELP	0.0	0.0	1
TUL	BNA	1.1489	162.0	141
TUL	LAX	4.0293	2474.0	614
TUL	SMF	4.2309	1832.0	433
TUL	LAS	4.3365	12281.0	2832
TUL	OMA	4.3437	3349.0	771
TUL	SLC	4.4956	54887.0	12209
TUL	MEM	4.9195	30442.0	6188
TUP	ATL	11.5273	21556.0	1870
TUS	COS	0.0	0.0	2
TUS	CDC	0.0	0.0	2
TUS	PIH	0.0	0.0	1
TUS	RFD	0.0	0.0	1
TUS	DTW	0.0714	1.0	14
TUS	PIT	2.2931	266.0	116
TUS	ELP	2.7333	4387.0	1605
TUS	SNA	3.043	2900.0	953
TUS	SFO	3.2253	3593.0	1114
TUS	IAD	3.2324	1057.0	327
TVC	DTW	7.5717	120489.0	15913
TVC	MSP	9.7741	10644.0	1089
TVC	CVG	10.0962	5351.0	530
TVC	DFW	13.2821	2590.0	195
TVC	ORD	15.554	196836.0	12655
TVC	DEN	15.9091	1400.0	88
TVC	ATL	16.5052	1601.0	97
TVC	LGA	18.1837	3564.0	196
TVC	MSN	24.0	24.0	1
TVC	MQT	31.2749	30493.0	975
TVL	RNO	0.0	0.0	1
TVL	SJC	3.6801	8847.0	2404
TVL	SFO	11.417	5229.0	458
TWF	PIH	0.0	0.0	1
TWF	LAX	1.7692	23.0	13
TWF	ORD	3.9375	63.0	16
TWF	SLC	7.6522	89439.0	11688
TWF	SUN	45.0	90.0	2
TWF	EKO	124.5	249.0	2
TWF	BOI	175.625	1405.0	8
TXK	IAH	5.2887	7457.0	1410
TXK	DFW	6.2593	55908.0	8932
TXK	BPT	80.0	160.0	2
TXK	TYR	135.0	405.0	3
TXK	ACT	160.0	160.0	1
TYR	CLL	0.0	0.0	1
TYR	BPT	0.0	0.0	1
TYR	AEX	0.0	0.0	1
TYR	DFW	5.8123	92985.0	15998
TYR	IAH	6.8109	14446.0	2121
TYR	TXK	73.0	73.0	1
TYS	CRW	0.0	0.0	1
TYS	AEX	0.0	0.0	1
TYS	GSO	0.0	0.0	1
TYS	MLI	0.0	0.0	1
TYS	DCA	0.0	0.0	6
TYS	PIT	3.4585	32738.0	9466
TYS	CLT	3.588	58868.0	16407
TYS	BNA	4.0857	10296.0	2520
TYS	MEM	4.4059	64656.0	14675
TYS	TRI	4.5	648.0	144
UCA	BWI	4.8422	12614.0	2605
UCA	SYR	5.048	4629.0	917
UCA	PIT	5.1114	3394.0	664
UCA	EWR	14.9917	1814.0	121
VCT	CLL	0.0	0.0	1
VCT	IAH	5.0361	11865.0	2356
VCT	ILE	80.0	160.0	2
VIS	LAX	0.8954	137.0	153
VIS	FAT	2.1106	3569.0	1691
VLD	MCN	0.0	0.0	1
VLD	GNV	0.0	0.0	1
VLD	ATL	13.2038	91159.0	6904
VPS	XNA	0.0	0.0	1
VPS	DHN	0.0	0.0	1
VPS	AUS	0.0	0.0	3
VPS	MEM	5.1274	112767.0	21993
VPS	IAH	8.9636	39673.0	4426
VPS	CVG	9.8244	8950.0	911
VPS	DFW	11.6786	93160.0	7977
VPS	ATL	14.1438	245919.0	17387
VPS	ORD	25.2294	8578.0	340
VPS	LGA	28.9167	347.0	12
WRG	KTN	12.4931	84241.0	6743
WRG	PSG	15.5321	104904.0	6754
WYS	PIH	0.0	0.0	2
WYS	IDA	0.0	0.0	1
WYS	SLC	3.6377	5784.0	1590
XNA	CAK	0.0	0.0	1
XNA	FAR	0.0	0.0	1
XNA	CLE	1.6366	545.0	333
XNA	GJT	4.5	18.0	4
XNA	SLC	5.2525	6429.0	1224
XNA	DCA	7.6767	2303.0	300
XNA	CVG	7.8389	24614.0	3140
XNA	PIA	8.0	16.0	2
XNA	DEN	8.1343	21206.0	2607
XNA	MEM	9.3577	26267.0	2807
YAK	ANC	3.3333	10.0	3
YAK	JNU	10.2024	71845.0	7042
YAK	CDV	14.3117	98164.0	6859
YAP	ROR	22.7971	7865.0	345
YAP	GUM	27.3627	8373.0	306
YKM	SEA	2.3392	1200.0	513
YKM	PSC	2.6048	1081.0	415
YKM	SLC	7.4301	5528.0	744
YKM	SJC	25.0	25.0	1
YKM	SFO	35.0	35.0	1
YUM	GJT	1.0	1.0	1
YUM	PHX	5.8582	73849.0	12606
YUM	LAX	6.7556	45222.0	6694
YUM	SLC	7.9312	3688.0	465
YUM	IPL	8.4472	12164.0	1440
YUM	LAS	12.0152	4746.0	395
YUM	PSP	16.0	48.0	3
